n,sigma_c,c_mod_T,k,label,certifiable
2470059,0.33759531867690384,61.399999999842066,27784.0,run34,0
2470148,0.3375603414606303,61.49999999984206,27785.0,run34,0
2470237,0.33752537448890507,61.599999999842055,27786.0,run34,0
2470326,0.33749041776172817,61.69999999984205,27787.0,run34,0
2470415,0.3374554708134383,61.79999999984204,27788.0,run34,0
2470504,0.3903232670854777,61.89999999984204,27789.0,run34,0
2470593,0.39026914280839264,61.99999999984203,27790.0,run34,0
2470682,0.3902150497306138,62.09999999984203,27791.0,run34,0
2470771,0.3901609869208187,62.19999999984202,27792.0,run34,0
2470860,0.3901069543790072,62.299999999842015,27793.0,run34,0
2470949,0.3900529525708407,62.39999999984201,27794.0,run34,0
2471038,0.007304810686036944,62.499999999842004,27795.0,run34,1
2471127,0.007301176665350795,62.599999999842,27796.0,run34,1
2471216,0.0072975431103259325,62.69999999984199,27797.0,run34,1
2471305,0.00729390955530107,62.79999999984199,27798.0,run34,1
2471394,0.007290276465937495,62.89999999984198,27799.0,run34,1
2471483,0.0072866438422352076,62.999999999841975,27800.0,run34,1
2471572,0.00728301121853292,63.09999999984197,27801.0,run34,1
2471661,0.0072793790604919195,63.199999999841964,27802.0,run34,1
2471750,0.0072757473681122065,63.29999999984196,27803.0,run34,1
2471839,0.007272115675732493,63.39999999984195,27804.0,run34,1
2471928,0.007268484449014068,63.49999999984195,27805.0,run34,1
2472016,0.007347143022343516,62.59999999984194,27806.0,run34,1
2472105,0.007343509001657367,62.699999999841936,27807.0,run34,1
2472194,0.007339874980971217,62.79999999984193,27808.0,run34,1
2472283,0.0073362409602850676,62.899999999841924,27809.0,run34,1
2472372,0.007332607870921493,62.99999999984192,27810.0,run34,1
2472461,0.00732897431589663,63.09999999984191,27811.0,run34,1
2472550,0.007325341692194343,63.19999999984191,27812.0,run34,1
2472639,0.007321709068492055,63.2999999998419,27813.0,run34,1
2472728,0.007318076910451055,63.399999999841896,27814.0,run34,1
2472817,0.007314444752410054,63.49999999984189,27815.0,run34,1
2472906,0.007310813060030341,63.599999999841884,27816.0,run34,1
2472995,0.007307181833311915,63.69999999984188,27817.0,run34,1
2473084,0.00730355060659349,63.79999999984187,27818.0,run34,1
2473173,0.007299919845536351,63.89999999984187,27819.0,run34,1
2473262,0.007296289084479213,63.99999999984186,27820.0,run34,1
2473351,0.007292658789083362,64.09999999984186,27821.0,run34,1
2473440,0.007289028959348798,64.19999999984185,27822.0,run34,1
2473529,0.007285399129614234,64.29999999984184,27823.0,run34,1
2473618,0.0072817697655409575,64.39999999984184,27824.0,run34,1
2473707,0.007278140867128968,64.49999999984183,27825.0,run34,1
2473796,0.007274511968716979,64.59999999984183,27826.0,run34,1
2473885,0.007270883535966277,64.69999999984182,27827.0,run34,1
2473974,0.007267255103215575,64.79999999984182,27828.0,run34,1
2474063,0.007263627136126161,64.89999999984181,27829.0,run34,1
2474152,0.007259999634698033,64.9999999998418,27830.0,run34,1
2474240,0.007338586496189237,64.0999999998418,27831.0,run34,1
2474329,0.007334955735132098,64.1999999998418,27832.0,run34,1
2474418,0.007331325439736247,64.29999999984179,27833.0,run34,1
2474507,0.007327695144340396,64.39999999984178,27834.0,run34,1
2474596,0.007324065314605832,64.49999999984178,27835.0,run34,1
2474685,0.007320435950532556,64.59999999984177,27836.0,run34,1
2474774,0.007316806586459279,64.69999999984176,27837.0,run34,1
2474863,0.00731317768804729,64.79999999984176,27838.0,run34,1
2474952,0.007309549255296588,64.89999999984175,27839.0,run34,1
2475041,0.007305920822545886,64.99999999984175,27840.0,run34,1
2475130,0.0073022928554564714,65.09999999984174,27841.0,run34,1
2475219,0.007298664888367057,65.19999999984174,27842.0,run34,1
2475308,0.0072950373869389296,65.29999999984173,27843.0,run34,1
2475397,0.00729141035117209,65.39999999984173,27844.0,run34,1
2475486,0.00728778331540525,65.49999999984172,27845.0,run34,1
2475575,0.007284156745299697,65.59999999984171,27846.0,run34,1
2475664,0.007280530175194144,65.69999999984171,27847.0,run34,1
2475753,0.007276904070749879,65.7999999998417,27848.0,run34,1
2475842,0.007273278431966901,65.8999999998417,27849.0,run34,1
2475931,0.007269652793183923,65.99999999984169,27850.0,run34,1
2476020,0.007266027620062232,66.09999999984169,27851.0,run34,1
2476109,0.007262402912601829,66.19999999984168,27852.0,run34,1
2476198,0.007258778205141425,66.29999999984167,27853.0,run34,1
2476287,0.007255153963342309,66.39999999984167,27854.0,run34,1
2476375,0.007333672372624278,65.49999999984166,27855.0,run34,1
2476464,0.007330045336857438,65.59999999984166,27856.0,run34,1
2476553,0.007326418301090598,65.69999999984165,27857.0,run34,1
2476642,0.007322791265323758,65.79999999984165,27858.0,run34,1
2476731,0.0073191646952182055,65.89999999984164,27859.0,run34,1
2476820,0.00731553859077394,65.99999999984163,27860.0,run34,1
2476909,0.007311912951990962,66.09999999984163,27861.0,run34,1
2476998,0.007308287313207984,66.19999999984162,27862.0,run34,1
2477087,0.007304662140086293,66.29999999984162,27863.0,run34,1
2477176,0.0073010369669646025,66.39999999984161,27864.0,run34,1
2477265,0.007297412259504199,66.4999999998416,27865.0,run34,1
2477354,0.007293787552043796,66.5999999998416,27866.0,run34,1
2477443,0.007290163775905967,66.6999999998416,27867.0,run34,1
2477532,0.007286539534106851,66.79999999984159,27868.0,run34,1
2477621,0.007282916223630309,66.89999999984158,27869.0,run34,1
2477710,0.007279292913153768,66.99999999984158,27870.0,run34,1
2477799,0.007275669602677226,67.09999999984157,27871.0,run34,1
2477888,0.007272047223523259,67.19999999984157,27872.0,run34,1
2477977,0.007268424378708005,67.29999999984156,27873.0,run34,1
2478066,0.007264802465215325,67.39999999984155,27874.0,run34,1
2478155,0.007261180551722646,67.49999999984155,27875.0,run34,1
2478244,0.0072575591038912535,67.59999999984154,27876.0,run34,1
2478333,0.007253937656059861,67.69999999984154,27877.0,run34,1
2478422,0.007250316673889756,67.79999999984153,27878.0,run34,1
2478510,0.007328767096623778,66.89999999984153,27879.0,run34,1
2478599,0.007325142854824662,66.99999999984152,27880.0,run34,1
2478688,0.007321519544348121,67.09999999984151,27881.0,run34,1
2478777,0.007317895768210292,67.19999999984151,27882.0,run34,1
2478866,0.007314272923395038,67.2999999998415,27883.0,run34,1
2478955,0.0073106500785797834,67.3999999998415,27884.0,run34,1
2479044,0.007307027233764529,67.49999999984149,27885.0,run34,1
2479133,0.00730340532027185,67.59999999984149,27886.0,run34,1
2479222,0.00729978340677917,67.69999999984148,27887.0,run34,1
2479311,0.0072961614932864904,67.79999999984148,27888.0,run34,1
2479400,0.007292540045455098,67.89999999984147,27889.0,run34,1
2479489,0.007288919063284993,67.99999999984146,27890.0,run34,1
2479578,0.007285298081114888,68.09999999984146,27891.0,run34,1
2479667,0.0072816775646060705,68.19999999984145,27892.0,run34,1
2479756,0.00727805751375854,68.29999999984145,27893.0,run34,1
2479845,0.00727443746291101,68.39999999984144,27894.0,run34,1
2479934,0.007270817877724767,68.49999999984144,27895.0,run34,1
2480023,0.007267198292538524,68.59999999984143,27896.0,run34,1
2480112,0.007263579173013568,68.69999999984142,27897.0,run34,1
2480201,0.0072599605191498995,68.79999999984142,27898.0,run34,1
2480290,0.007256341865286231,68.89999999984141,27899.0,run34,1
2480379,0.00725272367708385,68.9999999998414,27900.0,run34,1
2480468,0.007249105488881469,69.0999999998414,27901.0,run34,1
2480557,0.007245487766340375,69.1999999998414,27902.0,run34,1
2480646,0.007241870509460568,69.29999999984139,27903.0,run34,1
2480734,0.0073202496860176325,68.39999999984138,27904.0,run34,1
2480823,0.007316629169508815,68.49999999984138,27905.0,run34,1
2480912,0.0073130091186612844,68.59999999984137,27906.0,run34,1
2481001,0.007309389067813754,68.69999999984137,27907.0,run34,1
2481090,0.007305769948288798,68.79999999984136,27908.0,run34,1
2481179,0.007302150363102555,68.89999999984136,27909.0,run34,1
2481268,0.007298531709238887,68.99999999984135,27910.0,run34,1
2481357,0.007294913055375218,69.09999999984134,27911.0,run34,1
2481446,0.00729129440151155,69.19999999984134,27912.0,run34,1
2481535,0.007287676678970456,69.29999999984133,27913.0,run34,1
2481624,0.007284058490768075,69.39999999984133,27914.0,run34,1
2481713,0.0072804412338882685,69.49999999984132,27915.0,run34,1
2481802,0.007276823977008462,69.59999999984132,27916.0,run34,1
2481891,0.007273207185789943,69.69999999984131,27917.0,run34,1
2481980,0.0072695903945714235,69.7999999998413,27918.0,run34,1
2482069,0.007265974069014192,69.8999999998413,27919.0,run34,1
2482158,0.00726235774345696,69.9999999998413,27920.0,run34,1
2482247,0.0072587423492223024,70.09999999984129,27921.0,run34,1
2482336,0.007255126489326358,70.19999999984128,27922.0,run34,1
2482425,0.007251511560752988,70.29999999984128,27923.0,run34,1
2482514,0.007247896632179618,70.39999999984127,27924.0,run34,1
2482603,0.007244281703606248,70.49999999984126,27925.0,run34,1
2482692,0.007240667240694165,70.59999999984126,27926.0,run34,1
2482781,0.00723705324344337,70.69999999984125,27927.0,run34,1
2482869,0.007315364433452487,69.79999999984125,27928.0,run34,1
2482958,0.0073117471765726805,69.89999999984124,27929.0,run34,1
2483047,0.007308130385354161,69.99999999984124,27930.0,run34,1
2483136,0.007304514059796929,70.09999999984123,27931.0,run34,1
2483225,0.0073008977342396975,70.19999999984122,27932.0,run34,1
2483314,0.007297281874343753,70.29999999984122,27933.0,run34,1
2483403,0.007293666480109096,70.39999999984121,27934.0,run34,1
2483492,0.007290051085874438,70.49999999984121,27935.0,run34,1
2483581,0.007286436157301068,70.5999999998412,27936.0,run34,1
2483670,0.007282821228727698,70.6999999998412,27937.0,run34,1
2483759,0.007279206765815616,70.79999999984119,27938.0,run34,1
2483848,0.00727559276856482,70.89999999984119,27939.0,run34,1
2483937,0.007271978771314025,70.99999999984118,27940.0,run34,1
2484026,0.007268365239724517,71.09999999984117,27941.0,run34,1
2484115,0.007264751708135009,71.19999999984117,27942.0,run34,1
2484204,0.007261138642206788,71.29999999984116,27943.0,run34,1
2484293,0.007257526041939855,71.39999999984116,27944.0,run34,1
2484382,0.007253913441672921,71.49999999984115,27945.0,run34,1
2484471,0.007250301307067275,71.59999999984115,27946.0,run34,1
2484560,0.007246689172461629,71.69999999984114,27947.0,run34,1
2484649,0.00724307750351727,71.79999999984113,27948.0,run34,1
2484738,0.007239466300234199,71.89999999984113,27949.0,run34,1
2484827,0.007235855562612414,71.99999999984112,27950.0,run34,1
2484916,0.007232244359329343,72.09999999984112,27951.0,run34,1
2485005,0.007228634087368846,72.19999999984111,27952.0,run34,1
2485093,0.007306874031201005,71.2999999998411,27953.0,run34,1
2485182,0.007303260499611497,71.3999999998411,27954.0,run34,1
2485271,0.007299647433683276,71.4999999998411,27955.0,run34,1
2485360,0.007296034367755055,71.59999999984109,27956.0,run34,1
2485449,0.007292421767488122,71.69999999984108,27957.0,run34,1
2485538,0.007288809632882476,71.79999999984108,27958.0,run34,1
2485627,0.00728519749827683,71.89999999984107,27959.0,run34,1
2485716,0.007281585829332471,71.99999999984107,27960.0,run34,1
2485805,0.007277974626049399,72.09999999984106,27961.0,run34,1
2485894,0.007274363422766328,72.19999999984105,27962.0,run34,1
2485983,0.007270752219483256,72.29999999984105,27963.0,run34,1
2486072,0.0072671419475227594,72.39999999984104,27964.0,run34,1
2486161,0.0072635316755622625,72.49999999984104,27965.0,run34,1
2486250,0.007259921403601766,72.59999999984103,27966.0,run34,1
2486339,0.007256311597302556,72.69999999984103,27967.0,run34,1
2486428,0.007252702256664634,72.79999999984102,27968.0,run34,1
2486517,0.0072490929160267115,72.89999999984101,27969.0,run34,1
2486606,0.0072454840410500765,72.99999999984101,27970.0,run34,1
2486695,0.007241875631734729,73.099999999841,27971.0,run34,1
2486784,0.007238267222419381,73.199999999841,27972.0,run34,1
2486873,0.007234659278765321,73.29999999984099,27973.0,run34,1
2486962,0.00723105133511126,73.39999999984099,27974.0,run34,1
2487051,0.007227443857118487,73.49999999984098,27975.0,run34,1
2487140,0.007223836844787002,73.59999999984097,27976.0,run34,1
2487228,0.007302009267732501,72.69999999984097,27977.0,run34,1
2487317,0.007298398995772004,72.79999999984096,27978.0,run34,1
2487406,0.0072947891894727945,72.89999999984096,27979.0,run34,1
2487495,0.007291179383173585,72.99999999984095,27980.0,run34,1
2487584,0.007287570042535663,73.09999999984095,27981.0,run34,1
2487673,0.007283961167559028,73.19999999984094,27982.0,run34,1
2487762,0.00728035275824368,73.29999999984094,27983.0,run34,1
2487851,0.007276743883267045,73.39999999984093,27984.0,run34,1
2487940,0.007273135939612985,73.49999999984092,27985.0,run34,1
2488029,0.007269527995958924,73.59999999984092,27986.0,run34,1
2488118,0.007265920517966151,73.69999999984091,27987.0,run34,1
2488207,0.007262313039973378,73.7999999998409,27988.0,run34,1
2488296,0.007258706027641892,73.8999999998409,27989.0,run34,1
2488385,0.007255099480971694,73.9999999998409,27990.0,run34,1
2488474,0.0072514929343014956,74.09999999984089,27991.0,run34,1
2488563,0.007247886853292584,74.19999999984088,27992.0,run34,1
2488652,0.007244281237944961,74.29999999984088,27993.0,run34,1
2488741,0.007240675622597337,74.39999999984087,27994.0,run34,1
2488830,0.007237070007249713,74.49999999984087,27995.0,run34,1
2488919,0.007233465323224664,74.59999999984086,27996.0,run34,1
2489008,0.0072298606391996145,74.69999999984086,27997.0,run34,1
2489097,0.007226255955174565,74.79999999984085,27998.0,run34,1
2489186,0.007222651736810803,74.89999999984084,27999.0,run34,1
2489275,0.007219047984108329,74.99999999984084,28000.0,run34,1
2489364,0.007215444231405854,75.09999999984083,28001.0,run34,1
2489452,0.007293545873835683,74.19999999984083,28002.0,run34,1
2489541,0.007289939327165484,74.29999999984082,28003.0,run34,1
2489630,0.007286332780495286,74.39999999984082,28004.0,run34,1
2489719,0.007282726699486375,74.49999999984081,28005.0,run34,1
2489808,0.007279121084138751,74.5999999998408,28006.0,run34,1
2489897,0.0072755159344524145,74.6999999998408,28007.0,run34,1
2489986,0.007271910784766078,74.7999999998408,28008.0,run34,1
2490075,0.0072683056350797415,74.89999999984079,28009.0,run34,1
2490164,0.00726470141671598,74.99999999984078,28010.0,run34,1
2490253,0.007261097198352218,75.09999999984078,28011.0,run34,1
2490342,0.007257492979988456,75.19999999984077,28012.0,run34,1
2490431,0.007253889227285981,75.29999999984076,28013.0,run34,1
2490520,0.007250285940244794,75.39999999984076,28014.0,run34,1
2490609,0.007246682653203607,75.49999999984075,28015.0,run34,1
2490698,0.007243079831823707,75.59999999984075,28016.0,run34,1
2490787,0.007239477476105094,75.69999999984074,28017.0,run34,1
2490876,0.007235875120386481,75.79999999984074,28018.0,run34,1
2490965,0.007232273230329156,75.89999999984073,28019.0,run34,1
2491054,0.0072286713402718306,75.99999999984072,28020.0,run34,1
2491143,0.0072250699158757925,76.09999999984072,28021.0,run34,1
2491232,0.007221468957141042,76.19999999984071,28022.0,run34,1
2491321,0.007217867998406291,76.29999999984071,28023.0,run34,1
2491410,0.007214267505332828,76.3999999998407,28024.0,run34,1
2491499,0.007210667012259364,76.4999999998407,28025.0,run34,1
2491587,0.007288700668141246,75.59999999984069,28026.0,run34,1
2491676,0.0072850973811000586,75.69999999984068,28027.0,run34,1
2491765,0.007281494559720159,75.79999999984068,28028.0,run34,1
2491854,0.007277891738340259,75.89999999984067,28029.0,run34,1
2491943,0.007274289382621646,75.99999999984067,28030.0,run34,1
2492032,0.0072706874925643206,76.09999999984066,28031.0,run34,1
2492121,0.007267085602506995,76.19999999984066,28032.0,run34,1
2492210,0.007263484178110957,76.29999999984065,28033.0,run34,1
2492299,0.007259882753714919,76.39999999984065,28034.0,run34,1
2492388,0.007256281794980168,76.49999999984064,28035.0,run34,1
2492477,0.007252681301906705,76.59999999984063,28036.0,run34,1
2492566,0.0072490808088332415,76.69999999984063,28037.0,run34,1
2492655,0.007245480781421065,76.79999999984062,28038.0,run34,1
2492744,0.007241880754008889,76.89999999984062,28039.0,run34,1
2492833,0.007238281192258,76.99999999984061,28040.0,run34,1
2492922,0.007234682096168399,77.0999999998406,28041.0,run34,1
2493011,0.007231083000078797,77.1999999998406,28042.0,run34,1
2493100,0.007227484369650483,77.2999999998406,28043.0,run34,1
2493189,0.007223885739222169,77.39999999984059,28044.0,run34,1
2493278,0.007220287574455142,77.49999999984058,28045.0,run34,1
2493367,0.007216689875349402,77.59999999984058,28046.0,run34,1
2493456,0.007213092176243663,77.69999999984057,28047.0,run34,1
2493545,0.0072094949427992105,77.79999999984057,28048.0,run34,1
2493634,0.007205897709354758,77.89999999984056,28049.0,run34,1
2493722,0.007283864310011268,76.99999999984055,28050.0,run34,1
2493811,0.0072802642825990915,77.09999999984055,28051.0,run34,1
2493900,0.007276664720848203,77.19999999984054,28052.0,run34,1
2493989,0.007273065159097314,77.29999999984054,28053.0,run34,1
2494078,0.007269466063007712,77.39999999984053,28054.0,run34,1
2494167,0.007265867432579398,77.49999999984053,28055.0,run34,1
2494256,0.007262268802151084,77.59999999984052,28056.0,run34,1
2494345,0.007258670637384057,77.69999999984051,28057.0,run34,1
2494434,0.00725507247261703,77.79999999984051,28058.0,run34,1
2494523,0.0072514747735112906,77.8999999998405,28059.0,run34,1
2494612,0.007247877540066838,77.9999999998405,28060.0,run34,1
2494701,0.007244280306622386,78.09999999984049,28061.0,run34,1
2494790,0.007240683538839221,78.19999999984049,28062.0,run34,1
2494879,0.007237086771056056,78.29999999984048,28063.0,run34,1
2494968,0.007233490468934178,78.39999999984047,28064.0,run34,1
2495057,0.007229894632473588,78.49999999984047,28065.0,run34,1
2495146,0.007226298796012998,78.59999999984046,28066.0,run34,1
2495235,0.007222703425213695,78.69999999984046,28067.0,run34,1
2495324,0.007219108520075679,78.79999999984045,28068.0,run34,1
2495413,0.007215513614937663,78.89999999984045,28069.0,run34,1
2495502,0.007211919175460935,78.99999999984044,28070.0,run34,1
2495591,0.007208324735984206,79.09999999984043,28071.0,run34,1
2495680,0.007204730762168765,79.19999999984043,28072.0,run34,1
2495769,0.007201136788353324,79.29999999984042,28073.0,run34,1
2495858,0.00719754328019917,79.39999999984042,28074.0,run34,1
2495946,0.007275439566001296,78.49999999984041,28075.0,run34,1
2496035,0.007271842798218131,78.5999999998404,28076.0,run34,1
2496124,0.007268246961757541,78.6999999998404,28077.0,run34,1
2496213,0.00726465112529695,78.7999999998404,28078.0,run34,1
2496302,0.007261055754497647,78.89999999984039,28079.0,run34,1
2496391,0.007257460383698344,78.99999999984038,28080.0,run34,1
2496480,0.0072538654785603285,79.09999999984038,28081.0,run34,1
2496569,0.007250270573422313,79.19999999984037,28082.0,run34,1
2496658,0.007246676133945584,79.29999999984037,28083.0,run34,1
2496747,0.007243082160130143,79.39999999984036,28084.0,run34,1
2496836,0.007239488186314702,79.49999999984036,28085.0,run34,1
2496925,0.007235894678160548,79.59999999984035,28086.0,run34,1
2497014,0.007232301635667682,79.69999999984034,28087.0,run34,1
2497103,0.007228708593174815,79.79999999984034,28088.0,run34,1
2497192,0.007225115550681949,79.89999999984033,28089.0,run34,1
2497281,0.007221523439511657,79.99999999984033,28090.0,run34,1
2497370,0.007217931328341365,80.09999999984032,28091.0,run34,1
2497459,0.007214339217171073,80.19999999984032,28092.0,run34,1
2497548,0.007210747571662068,80.29999999984031,28093.0,run34,1
2497637,0.007207156391814351,80.3999999998403,28094.0,run34,1
2497726,0.007203565211966634,80.4999999998403,28095.0,run34,1
2497815,0.007199974497780204,80.59999999984029,28096.0,run34,1
2497904,0.007196384249255061,80.69999999984029,28097.0,run34,1
2497993,0.0071927940007299185,80.79999999984028,28098.0,run34,1
2498081,0.007270622765645385,79.89999999984028,28099.0,run34,1
2498170,0.007267029723152518,79.99999999984027,28100.0,run34,1
2498259,0.007263436680659652,80.09999999984026,28101.0,run34,1
2498348,0.0072598441038280725,80.19999999984026,28102.0,run34,1
2498437,0.007256251992657781,80.29999999984025,28103.0,run34,1
2498526,0.007252659881487489,80.39999999984025,28104.0,run34,1
2498615,0.007249068235978484,80.49999999984024,28105.0,run34,1
2498704,0.007245477056130767,80.59999999984024,28106.0,run34,1
2498793,0.00724188587628305,80.69999999984023,28107.0,run34,1
2498882,0.00723829516209662,80.79999999984022,28108.0,run34,1
2498971,0.00723470444791019,80.89999999984022,28109.0,run34,1
2499060,0.007231114199385047,80.99999999984021,28110.0,run34,1
2499149,0.007227523950859904,81.09999999984021,28111.0,run34,1
2499238,0.007223934633657336,81.1999999998402,28112.0,run34,1
2499327,0.007220344850793481,81.2999999998402,28113.0,run34,1
2499416,0.0072167559992522,81.39999999984019,28114.0,run34,1
2499505,0.007213167147710919,81.49999999984018,28115.0,run34,1
2499594,0.007209578296169639,81.59999999984018,28116.0,run34,1
2499683,0.007205989910289645,81.69999999984017,28117.0,run34,1
2499772,0.007202401990070939,81.79999999984017,28118.0,run34,1
2499861,0.007198814069852233,81.89999999984016,28119.0,run34,1
2499950,0.007195226615294814,81.99999999984016,28120.0,run34,1
2500039,0.007191639626398683,82.09999999984015,28121.0,run34,1
2500128,0.007188052637502551,82.19999999984014,28122.0,run34,1
2500217,0.007184466114267707,82.29999999984014,28123.0,run34,1
2500305,0.00726222456432879,81.39999999984013,28124.0,run34,1
2500394,0.007258634781464934,81.49999999984013,28125.0,run34,1
2500483,0.007255045929923654,81.59999999984012,28126.0,run34,1
2500572,0.0072514566127210855,81.69999999984012,28127.0,run34,1
2500661,0.007247868226841092,81.79999999984011,28128.0,run34,1
2500750,0.007244279840961099,81.8999999998401,28129.0,run34,1
2500839,0.007240691455081105,81.9999999998401,28130.0,run34,1
2500928,0.007237103534862399,82.0999999998401,28131.0,run34,1
2501017,0.00723351608030498,82.19999999984009,28132.0,run34,1
2501106,0.0072299286257475615,82.29999999984008,28133.0,run34,1
2501195,0.00722634163685143,82.39999999984008,28134.0,run34,1
2501284,0.007222755113616586,82.49999999984007,28135.0,run34,1
2501373,0.0072191685903817415,82.59999999984007,28136.0,run34,1
2501462,0.007215582532808185,82.69999999984006,28137.0,run34,1
2501551,0.007211996475234628,82.79999999984005,28138.0,run34,1
2501640,0.007208410883322358,82.89999999984005,28139.0,run34,1
2501729,0.007204825757071376,82.99999999984004,28140.0,run34,1
2501818,0.0072012406308203936,83.09999999984004,28141.0,run34,1
2501907,0.007197655970230699,83.19999999984003,28142.0,run34,1
2501996,0.007194071309641004,83.29999999984003,28143.0,run34,1
2502085,0.007190487114712596,83.39999999984002,28144.0,run34,1
2502174,0.007186903385445476,83.49999999984001,28145.0,run34,1
2502263,0.007183319656178355,83.59999999984001,28146.0,run34,1
2502352,0.007179736392572522,83.69999999984,28147.0,run34,1
2502440,0.007257427787408233,82.79999999984,28148.0,run34,1
2502529,0.0072538412641733885,82.89999999983999,28149.0,run34,1
2502618,0.007250255206599832,82.99999999983999,28150.0,run34,1
2502707,0.007246669614687562,83.09999999983998,28151.0,run34,1
2502796,0.00724308448843658,83.19999999983997,28152.0,run34,1
2502885,0.00723949889652431,83.29999999983997,28153.0,run34,1
2502974,0.007235914235934615,83.39999999983996,28154.0,run34,1
2503063,0.00723232957534492,83.49999999983996,28155.0,run34,1
2503152,0.0072287453804165125,83.59999999983995,28156.0,run34,1
2503241,0.007225161185488105,83.69999999983995,28157.0,run34,1
2503330,0.0072215774562209845,83.79999999983994,28158.0,run34,1
2503419,0.007217994192615151,83.89999999983993,28159.0,run34,1
2503508,0.007214410929009318,83.99999999983993,28160.0,run34,1
2503597,0.007210828131064773,84.09999999983992,28161.0,run34,1
2503686,0.007207245333120227,84.19999999983992,28162.0,run34,1
2503775,0.007203663000836968,84.29999999983991,28163.0,run34,1
2503864,0.007200081134214997,84.3999999998399,28164.0,run34,1
2503953,0.007196499267593026,84.4999999998399,28165.0,run34,1
2504042,0.007192917866632342,84.5999999998399,28166.0,run34,1
2504131,0.0071893364656716585,84.69999999983989,28167.0,run34,1
2504220,0.007185755530372262,84.79999999983988,28168.0,run34,1
2504309,0.007182175060734153,84.89999999983988,28169.0,run34,1
2504398,0.007178594591096044,84.99999999983987,28170.0,run34,1
2504487,0.007175014587119222,85.09999999983987,28171.0,run34,1
2504576,0.0071714345831424,85.19999999983986,28172.0,run34,1
2504664,0.007249056128785014,84.29999999983986,28173.0,run34,1
2504753,0.007245473330840468,84.39999999983985,28174.0,run34,1
2504842,0.00724189099855721,84.49999999983984,28175.0,run34,1
2504931,0.0072383086662739515,84.59999999983984,28176.0,run34,1
2505020,0.00723472679965198,84.69999999983983,28177.0,run34,1
2505109,0.007231145398691297,84.79999999983983,28178.0,run34,1
2505198,0.007227563997730613,84.89999999983982,28179.0,run34,1
2505287,0.007223982596769929,84.99999999983982,28180.0,run34,1
2505376,0.00722040212713182,85.09999999983981,28181.0,run34,1
2505465,0.0072168216574937105,85.1999999998398,28182.0,run34,1
2505554,0.007213241187855601,85.2999999998398,28183.0,run34,1
2505643,0.007209661183878779,85.39999999983979,28184.0,run34,1
2505732,0.007206081645563245,85.49999999983979,28185.0,run34,1
2505821,0.0072025025729089975,85.59999999983978,28186.0,run34,1
2505910,0.00719892350025475,85.69999999983978,28187.0,run34,1
2505999,0.007195344427600503,85.79999999983977,28188.0,run34,1
2506088,0.007191765820607543,85.89999999983976,28189.0,run34,1
2506177,0.00718818767927587,85.99999999983976,28190.0,run34,1
2506266,0.007184609537944198,86.09999999983975,28191.0,run34,1
2506355,0.007181031862273812,86.19999999983975,28192.0,run34,1
2506444,0.007177454652264714,86.29999999983974,28193.0,run34,1
2506533,0.007173877442255616,86.39999999983974,28194.0,run34,1
2506622,0.0071703006979078054,86.49999999983973,28195.0,run34,1
2506711,0.007166723953559995,86.59999999983972,28196.0,run34,1
2506799,0.007244278909638524,85.69999999983972,28197.0,run34,1
2506888,0.0072406993713229895,85.79999999983971,28198.0,run34,1
2506977,0.007237120298668742,85.89999999983971,28199.0,run34,1
2507066,0.007233541226014495,85.9999999998397,28200.0,run34,1
2507155,0.007229962619021535,86.0999999998397,28201.0,run34,1
2507244,0.007226384477689862,86.19999999983969,28202.0,run34,1
2507333,0.00722280633635819,86.29999999983968,28203.0,run34,1
2507422,0.007219228660687804,86.39999999983968,28204.0,run34,1
2507511,0.007215650985017419,86.49999999983967,28205.0,run34,1
2507600,0.007212073775008321,86.59999999983967,28206.0,run34,1
2507689,0.007208496564999223,86.69999999983966,28207.0,run34,1
2507778,0.007204919820651412,86.79999999983966,28208.0,run34,1
2507867,0.007201343541964889,86.89999999983965,28209.0,run34,1
2507956,0.0071977677289396524,86.99999999983964,28210.0,run34,1
2508045,0.007194191450253129,87.09999999983964,28211.0,run34,1
2508134,0.00719061610288918,87.19999999983963,28212.0,run34,1
2508223,0.007187040755525231,87.29999999983963,28213.0,run34,1
2508312,0.00718346587382257,87.39999999983962,28214.0,run34,1
2508401,0.007179890992119908,87.49999999983962,28215.0,run34,1
2508490,0.007176316576078534,87.59999999983961,28216.0,run34,1
2508579,0.007172742625698447,87.6999999998396,28217.0,run34,1
2508668,0.00716916867531836,87.7999999998396,28218.0,run34,1
2508757,0.007165595190599561,87.8999999998396,28219.0,run34,1
2508846,0.007162021705880761,87.99999999983959,28220.0,run34,1
2508934,0.0072395100723952055,87.09999999983958,28221.0,run34,1
2509023,0.007235933793708682,87.19999999983958,28222.0,run34,1
2509112,0.007232357515022159,87.29999999983957,28223.0,run34,1
2509201,0.00722878216765821,87.39999999983957,28224.0,run34,1
2509290,0.007225206820294261,87.49999999983956,28225.0,run34,1
2509379,0.007221631472930312,87.59999999983955,28226.0,run34,1
2509468,0.007218056591227651,87.69999999983955,28227.0,run34,1
2509557,0.0072144821751862764,87.79999999983954,28228.0,run34,1
2509646,0.007210907759144902,87.89999999983954,28229.0,run34,1
2509735,0.007207333808764815,87.99999999983953,28230.0,run34,1
2509824,0.007203760324046016,88.09999999983953,28231.0,run34,1
2509913,0.007200186839327216,88.19999999983952,28232.0,run34,1
2510002,0.007196613820269704,88.29999999983951,28233.0,run34,1
2510091,0.007193040801212192,88.39999999983951,28234.0,run34,1
2510180,0.007189468247815967,88.4999999998395,28235.0,run34,1
2510269,0.007185895694419742,88.5999999998395,28236.0,run34,1
2510358,0.007182323606684804,88.69999999983949,28237.0,run34,1
2510447,0.007178751984611154,88.79999999983949,28238.0,run34,1
2510536,0.007175180362537503,88.89999999983948,28239.0,run34,1
2510625,0.00717160920612514,0.0999999998394685,28241.0,run34,1
2510714,0.0071680385153740644,0.19999999983946282,28242.0,run34,1
2510803,0.007164467824622989,0.29999999983945713,28243.0,run34,1
2510892,0.0071608975995332,0.39999999983945145,28244.0,run34,1
2510981,0.007157327374443412,0.49999999983944576,28245.0,run34,1
2511070,0.007153757615014911,0.5999999998394401,28246.0,run34,1
2511158,0.007231176132336259,88.59999999983944,28246.0,run34,1
2511247,0.007227603578940034,88.69999999983943,28247.0,run34,1
2511336,0.007224031025543809,88.79999999983943,28248.0,run34,1
2511425,0.007220458937808871,88.89999999983942,28249.0,run34,1
2511514,0.007216886850073934,0.09999999983941166,28251.0,run34,1
2511603,0.007213315228000283,0.19999999983940597,28252.0,run34,1
2511692,0.00720974407158792,0.2999999998394003,28253.0,run34,1
2511781,0.007206172915175557,0.3999999998393946,28254.0,run34,1
2511870,0.007202602224424481,0.4999999998393889,28255.0,run34,1
2511959,0.007199031999334693,0.5999999998393832,28256.0,run34,1
2512048,0.0071954617742449045,0.6999999998393776,28257.0,run34,1
2512137,0.007191891549155116,0.7999999998393719,28258.0,run34,1
2512226,0.007188322255387902,0.8999999998393662,28259.0,run34,1
2512315,0.007184752495959401,0.9999999998393605,28260.0,run34,1
2512404,0.007181183667853475,1.0999999998393548,28261.0,run34,1
2512493,0.007177614839747548,1.1999999998393491,28262.0,run34,1
2512582,0.007174046477302909,1.2999999998393434,28263.0,run34,1
2512671,0.00717047811485827,1.3999999998393378,28264.0,run34,1
2512760,0.007166910218074918,1.499999999839332,28265.0,run34,1
2512849,0.007163342321291566,1.5999999998393264,28266.0,run34,1
2512938,0.007159774890169501,1.6999999998393207,28267.0,run34,1
2513027,0.007156207924708724,1.799999999839315,28268.0,run34,1
2513116,0.007152640959247947,1.8999999998393093,28269.0,run34,1
2513205,0.007149074459448457,1.9999999998393037,28270.0,run34,1
2513293,0.007226426852867007,1.099999999839298,28271.0,run34,1
2513382,0.007222857093438506,1.1999999998392923,28272.0,run34,1
2513471,0.007219287799671292,1.2999999998392866,28273.0,run34,1
2513560,0.007215718971565366,1.399999999839281,28274.0,run34,1
2513649,0.007212150609120727,1.4999999998392752,28275.0,run34,1
2513738,0.007208582246676087,1.5999999998392695,28276.0,run34,1
2513827,0.007205013884231448,1.6999999998392639,28277.0,run34,1
2513916,0.007201445987448096,1.7999999998392582,28278.0,run34,1
2514005,0.007197878556326032,1.8999999998392525,28279.0,run34,1
2514094,0.007194311590865254,1.9999999998392468,28280.0,run34,1
2514183,0.007190744625404477,2.099999999839241,28281.0,run34,1
2514272,0.0071871776599437,2.1999999998392354,28282.0,run34,1
2514361,0.00718361116014421,2.2999999998392298,28283.0,run34,1
2514450,0.007180045126006007,2.399999999839224,28284.0,run34,1
2514539,0.007176479557529092,2.4999999998392184,28285.0,run34,1
2514628,0.0071729139890521765,2.5999999998392127,28286.0,run34,1
2514717,0.007169348420575261,2.699999999839207,28287.0,run34,1
2514806,0.007165783317759633,2.7999999998392013,28288.0,run34,1
2514895,0.007162218680605292,2.8999999998391957,28289.0,run34,1
2514984,0.007158654509112239,2.99999999983919,28290.0,run34,1
2515073,0.0071550903376191854,3.0999999998391843,28291.0,run34,1
2515162,0.007151526166126132,3.1999999998391786,28292.0,run34,1
2515251,0.007147962460294366,3.299999999839173,28293.0,run34,1
2515340,0.007144399220123887,3.3999999998391672,28294.0,run34,1
2515429,0.007140835979953408,3.4999999998391615,28295.0,run34,1
2515517,0.00721811898984015,2.599999999839156,28296.0,run34,1
2515606,0.007214552955701947,2.69999999983915,28297.0,run34,1
2515695,0.007210987387225032,2.7999999998391445,28298.0,run34,1
2515784,0.0072074218187481165,2.899999999839139,28299.0,run34,1
2515873,0.0072038567159324884,2.999999999839133,28300.0,run34,1
2515962,0.007200292078778148,3.0999999998391274,28301.0,run34,1
2516051,0.007196727441623807,3.1999999998391218,28302.0,run34,1
2516140,0.0071931632701307535,3.299999999839116,28303.0,run34,1
2516229,0.0071895990986377,3.3999999998391104,28304.0,run34,1
2516318,0.007186035392805934,3.4999999998391047,28305.0,run34,1
2516407,0.007182472152635455,3.599999999839099,28306.0,run34,1
2516496,0.007178908912464976,3.6999999998390933,28307.0,run34,1
2516585,0.0071753456722944975,3.7999999998390876,28308.0,run34,1
2516674,0.007171783363446593,3.899999999839082,28309.0,run34,1
2516763,0.007168221054598689,3.9999999998390763,28310.0,run34,1
2516852,0.007164658745750785,4.099999999839071,28311.0,run34,1
2516941,0.007161096902564168,4.199999999839065,28312.0,run34,1
2517030,0.007157535525038838,4.299999999839059,28313.0,run34,1
2517119,0.007153974147513509,4.3999999998390535,28314.0,run34,1
2517208,0.0071504132356494665,4.499999999839048,28315.0,run34,1
2517297,0.0071468527894467115,4.599999999839042,28316.0,run34,1
2517386,0.0071432923432439566,4.6999999998390365,28317.0,run34,1
2517475,0.007139731897041202,4.799999999839031,28318.0,run34,1
2517564,0.007136172382161021,4.899999999839025,28319.0,run34,1
2517652,0.007213389268144965,3.9999999998390194,28320.0,run34,1
2517741,0.007209826493635774,4.099999999839014,28321.0,run34,1
2517830,0.007206263719126582,4.199999999839008,28322.0,run34,1
2517919,0.007202701875939965,4.299999999839002,28323.0,run34,1
2518008,0.007199139567092061,4.399999999838997,28324.0,run34,1
2518097,0.0071955781895667315,4.499999999838991,28325.0,run34,1
2518186,0.007192016812041402,4.599999999838985,28326.0,run34,1
2518275,0.00718845590017736,4.69999999983898,28327.0,run34,1
2518364,0.007184894988313317,4.799999999838974,28328.0,run34,1
2518453,0.007181334542110562,4.899999999838968,28329.0,run34,1
2518542,0.007177774095907807,4.999999999838963,28330.0,run34,1
2518631,0.30564043554477394,5.099999999838957,28331.0,run34,0
2518720,0.30561280460096896,5.199999999838951,28332.0,run34,0
2518809,0.3055851797107607,5.2999999998389455,28333.0,run34,0
2518898,0.3055575604084879,5.39999999983894,28334.0,run34,0
2518987,0.30552994715981185,5.499999999838934,28335.0,run34,0
2519076,0.3055023399647325,5.5999999998389285,28336.0,run34,0
2519165,0.30547473835758865,5.699999999838923,28337.0,run34,0
2519254,0.3054471428040415,5.799999999838917,28338.0,run34,0
2519343,0.3054195533040911,5.899999999838911,28339.0,run34,0
2519432,0.30539196939207613,5.999999999838906,28340.0,run34,0
2519521,0.3053643910679966,6.0999999998389,28341.0,run34,0
2519610,0.30533681879751384,6.199999999838894,28342.0,run34,0
2519699,0.3053092525806278,6.299999999838889,28343.0,run34,0
2519788,0.3052816919516772,6.399999999838883,28344.0,run34,0
2519876,0.3054582697805017,5.499999999838877,28345.0,run34,0
2519965,0.3054306849371642,5.599999999838872,28346.0,run34,0
2770029,0.2481695453170687,82.79999999982289,31158.0,run35,0
2770118,0.24815178592689335,82.89999999982288,31159.0,run35,0
2770207,0.24813402839936316,82.99999999982288,31160.0,run35,0
2770296,0.2481162736658007,83.09999999982287,31161.0,run35,0
2770385,0.24809852126054466,83.19999999982286,31162.0,run35,0
2770474,0.24808077164925635,83.29999999982286,31163.0,run35,0
2770563,0.2480630239006132,83.39999999982285,31164.0,run35,0
2770652,0.24804527848027647,83.49999999982285,31165.0,run35,0
2770741,0.24802753585390747,83.59999999982284,31166.0,run35,0
2770830,0.2480097955558449,83.69999999982284,31167.0,run35,0
2770919,0.24799205758608878,83.79999999982283,31168.0,run35,0
2771008,0.047306374879553914,83.89999999982282,31169.0,run35,1
2771097,0.04730150825344026,83.99999999982282,31170.0,run35,1
2771186,0.04729664162732661,84.09999999982281,31171.0,run35,1
2771275,0.04729177546687424,84.19999999982281,31172.0,run35,1
2771364,0.04728690977208316,84.2999999998228,31173.0,run35,1
2771453,0.04728204454295337,84.3999999998228,31174.0,run35,1
2771542,0.04727717977948487,84.49999999982279,31175.0,run35,1
2771631,0.047272315016016364,84.59999999982278,31176.0,run35,1
2771720,0.04726745071820915,84.69999999982278,31177.0,run35,1
2771809,0.04726258688606322,84.79999999982277,31178.0,run35,1
2771898,0.047257723519578576,84.89999999982277,31179.0,run35,1
2771986,0.047332711750641465,83.99999999982276,31180.0,run35,1
2772075,0.0473278455901891,84.09999999982276,31181.0,run35,1
2772164,0.04732297989539802,84.19999999982275,31182.0,run35,1
2772253,0.04731811466626823,84.29999999982275,31183.0,run35,1
2772342,0.04731324943713844,84.39999999982274,31184.0,run35,1
2772431,0.047308384673669934,84.49999999982273,31185.0,run35,1
2772520,0.04730352037586272,84.59999999982273,31186.0,run35,1
2772609,0.0472986560780555,84.69999999982272,31187.0,run35,1
2772698,0.04729379271157086,84.79999999982272,31188.0,run35,1
2772787,0.04728892934508622,84.89999999982271,31189.0,run35,1
2772876,0.04728406644426286,84.9999999998227,31190.0,run35,1
2772965,0.047279204009100795,85.0999999998227,31191.0,run35,1
2773054,0.04727434157393873,85.1999999998227,31192.0,run35,1
2773143,0.04726947960443795,85.29999999982269,31193.0,run35,1
2773232,0.047264618100598454,85.39999999982268,31194.0,run35,1
2773321,0.04725975706242025,85.49999999982268,31195.0,run35,1
2773410,0.04725489648990333,85.59999999982267,31196.0,run35,1
2773499,0.04725003591738641,85.69999999982267,31197.0,run35,1
2773588,0.04724517627619207,85.79999999982266,31198.0,run35,1
2773677,0.047240316634997725,85.89999999982265,31199.0,run35,1
2773766,0.04723545699380338,85.99999999982265,31200.0,run35,1
2773855,0.04723059828393161,86.09999999982264,31201.0,run35,1
2773944,0.047225739574059844,86.19999999982264,31202.0,run35,1
2774033,0.04722088132984936,86.29999999982263,31203.0,run35,1
2774121,0.04729580762796104,85.39999999982263,31204.0,run35,1
2774210,0.047290946589782834,85.49999999982262,31205.0,run35,1
2774299,0.047286086017265916,85.59999999982261,31206.0,run35,1
2774388,0.047281225910410285,85.69999999982261,31207.0,run35,1
2774477,0.04727636626921594,85.7999999998226,31208.0,run35,1
2774566,0.0472715066280216,85.8999999998226,31209.0,run35,1
2774655,0.04726664745248854,85.99999999982259,31210.0,run35,1
2774744,0.04726178874261677,86.09999999982259,31211.0,run35,1
2774833,0.04725693049840629,86.19999999982258,31212.0,run35,1
2774922,0.0472520727198571,86.29999999982257,31213.0,run35,1
2775011,0.0472472149413079,86.39999999982257,31214.0,run35,1
2775100,0.047242357628419995,86.49999999982256,31215.0,run35,1
2775189,0.047237500781193376,86.59999999982256,31216.0,run35,1
2775278,0.04723264439962804,86.69999999982255,31217.0,run35,1
2775367,0.047227788483724,86.79999999982255,31218.0,run35,1
2775456,0.04722293256781995,86.89999999982254,31219.0,run35,1
2775545,0.05436593689955771,86.99999999982253,31220.0,run35,1
2775634,0.054360773181542754,87.09999999982253,31221.0,run35,1
2775723,0.054355609929189086,87.19999999982252,31222.0,run35,1
2775812,0.054350447142496705,87.29999999982252,31223.0,run35,1
2775901,0.05434528482146561,87.39999999982251,31224.0,run35,1
2775990,0.05434012250043452,87.4999999998225,31225.0,run35,1
2776079,0.054334961110726,87.5999999998225,31226.0,run35,1
2776168,0.05432979972101748,87.6999999998225,31227.0,run35,1
2776257,0.05432463879697025,87.79999999982249,31228.0,run35,1
2776345,0.047254107194021344,86.89999999982248,31229.0,run35,1
2776434,0.047249251743778586,86.99999999982248,31230.0,run35,1
2776523,0.0472443972248584,87.09999999982247,31231.0,run35,1
2776612,0.04723954270593822,87.19999999982247,31232.0,run35,1
2776701,0.047234688652679324,87.29999999982246,31233.0,run35,1
2776790,0.04722983459942043,87.39999999982246,31234.0,run35,1
2776879,0.04722498147748411,87.49999999982245,31235.0,run35,1
2776968,0.054364328971132636,87.59999999982244,31236.0,run35,1
2777057,0.054359168047085404,87.69999999982244,31237.0,run35,1
2777146,0.05435400758869946,87.79999999982243,31238.0,run35,1
2777235,0.054348847130313516,87.89999999982243,31239.0,run35,1
2777324,0.054343687603250146,87.99999999982242,31240.0,run35,1
2777413,0.054338528076186776,88.09999999982242,31241.0,run35,1
2777502,0.05433336948044598,88.19999999982241,31242.0,run35,1
2777591,0.054328210884705186,88.2999999998224,31243.0,run35,1
2777680,0.05432305228896439,88.3999999998224,31244.0,run35,1
2777769,0.05431789462454617,88.49999999982239,31245.0,run35,1
2777858,0.05431273742578924,88.59999999982239,31246.0,run35,1
2777947,0.054307580227032304,88.69999999982238,31247.0,run35,1
2778036,0.05430242349393666,88.79999999982238,31248.0,run35,1
2778125,0.0542972672265023,88.89999999982237,31249.0,run35,1
2778214,0.05429211142472923,0.09999999982235863,31251.0,run35,1
2778303,0.054286956088617444,0.19999999982235295,31252.0,run35,1
2778392,0.05428180121816695,0.29999999982234726,31253.0,run35,1
2778480,0.05435756430961192,88.29999999982235,31253.0,run35,1
2778569,0.054352406645193696,88.39999999982234,31254.0,run35,1
2778658,0.054347248980775476,88.49999999982234,31255.0,run35,1
2778747,0.05434209224767983,88.59999999982233,31256.0,run35,1
2778836,0.054336935514584184,88.69999999982232,31257.0,run35,1
2778925,0.054331779247149825,88.79999999982232,31258.0,run35,1
2779014,0.054326623445376754,88.89999999982231,31259.0,run35,1
2779103,0.05432146810926497,0.09999999982230179,31261.0,run35,1
2779192,0.054316312773153186,0.1999999998222961,31262.0,run35,1
2779281,0.05431115790270269,0.2999999998222904,31263.0,run35,1
2779370,0.05430600396357477,0.39999999982228474,31264.0,run35,1
2779459,0.054300850024446845,0.49999999982227905,31265.0,run35,1
2779548,0.05429569608531892,0.5999999998222734,31266.0,run35,1
2779637,0.054290543077513576,0.6999999998222677,31267.0,run35,1
2779726,0.054285390535369515,0.799999999822262,31268.0,run35,1
2779815,0.054280237993225455,0.8999999998222563,31269.0,run35,1
2779904,0.05427508591674268,0.9999999998222506,31270.0,run35,1
2779993,0.0542699343059212,1.099999999822245,31271.0,run35,1
2780082,0.054264783160761,1.1999999998222393,31272.0,run35,1
2780171,0.05425963248126209,1.2999999998222336,31273.0,run35,1
2780260,0.054254482267424464,1.399999999822228,31274.0,run35,1
2780349,0.05424933205358684,1.4999999998222222,31275.0,run35,1
2780438,0.054244182305410504,1.5999999998222165,31276.0,run35,1
2780527,0.054239033022895455,1.6999999998222108,31277.0,run35,1
2780616,0.054233884206041694,1.7999999998222052,31278.0,run35,1
2780704,0.05430958070792258,0.8999999998221995,31279.0,run35,1
2780793,0.05430442909710109,0.9999999998221938,31280.0,run35,1
2780882,0.05429927748627961,1.099999999822188,31281.0,run35,1
2780971,0.054294126806780696,1.1999999998221824,31282.0,run35,1
2781060,0.05428897659294307,1.2999999998221767,31283.0,run35,1
2781149,0.05428382637910545,1.399999999822171,31284.0,run35,1
2781238,0.05427867663092911,1.4999999998221654,31285.0,run35,1
2781327,0.05427352734841406,1.5999999998221597,31286.0,run35,1
2781416,0.0542683785315603,1.699999999822154,31287.0,run35,1
2781505,0.05426323018036783,1.7999999998221483,31288.0,run35,1
2781594,0.05425808182917535,1.8999999998221426,31289.0,run35,1
2781683,0.05425293440930545,1.999999999822137,31290.0,run35,1
2781772,0.054247786989435554,2.0999999998221313,31291.0,run35,1
2781861,0.05424264003522694,2.1999999998221256,31292.0,run35,1
2781950,0.054237493546679616,2.29999999982212,31293.0,run35,1
2782039,0.05423234705813229,2.399999999822114,31294.0,run35,1
2782128,0.05422720150090754,2.4999999998221085,31295.0,run35,1
2782217,0.05422205594368279,2.599999999822103,31296.0,run35,1
2782306,0.05421691085211933,2.699999999822097,31297.0,run35,1
2782395,0.05421176669187844,2.7999999998220915,31298.0,run35,1
2782484,0.05420662206597626,2.899999999822086,31299.0,run35,1
2782573,0.05420147837139666,2.99999999982208,31300.0,run35,1
2782662,0.05419633514247835,3.0999999998220744,31301.0,run35,1
2782751,0.05419119191356003,3.1999999998220687,31302.0,run35,1
2782839,0.05426682415418327,2.299999999822063,31303.0,run35,1
2782928,0.05426167859695852,2.3999999998220574,31304.0,run35,1
2783017,0.05425653303973377,2.4999999998220517,31305.0,run35,1
2783106,0.054251387948170304,2.599999999822046,31306.0,run35,1
2783195,0.05424624332226813,2.6999999998220403,31307.0,run35,1
2783284,0.05424109916202724,2.7999999998220346,31308.0,run35,1
2783373,0.05423595546744764,2.899999999822029,31309.0,run35,1
2783462,0.05423081177286804,2.9999999998220233,31310.0,run35,1
2783551,0.05422566854394972,3.0999999998220176,31311.0,run35,1
2783640,0.054220526246353984,3.199999999822012,31312.0,run35,1
2783729,0.054215383948758245,3.299999999822006,31313.0,run35,1
2783818,0.054210241651162505,3.3999999998220005,31314.0,run35,1
2783907,0.05420510028488934,3.499999999821995,31315.0,run35,1
2783996,0.054199958918616176,3.599999999821989,31316.0,run35,1
2784085,0.054194818483665586,3.6999999998219835,31317.0,run35,1
2784174,0.054189678048714995,3.799999999821978,31318.0,run35,1
2784263,0.05418453807942569,3.899999999821972,31319.0,run35,1
2784352,0.05417939857579768,3.9999999998219664,31320.0,run35,1
2784441,0.05417425907216966,4.099999999821961,31321.0,run35,1
2784530,0.05416912049986422,4.199999999821955,31322.0,run35,1
2784619,0.05416398192755878,4.299999999821949,31323.0,run35,1
2784708,0.054158843820914626,4.399999999821944,31324.0,run35,1
2784797,0.05415370617993176,4.499999999821938,31325.0,run35,1
2784886,0.05414856900461018,4.599999999821932,31326.0,run35,1
2784975,0.05414343229494989,4.699999999821927,31327.0,run35,1
2785063,0.05421899748034775,3.799999999821921,31328.0,run35,1
2785152,0.05421385797671974,3.8999999998219153,31329.0,run35,1
2785241,0.05420871847309172,3.9999999998219096,31330.0,run35,1
2785330,0.05420357990078628,4.099999999821904,31331.0,run35,1
2785419,0.05419844132848084,4.199999999821898,31332.0,run35,1
2785508,0.054193303221836686,4.2999999998218925,31333.0,run35,1
2785597,0.05418816558085382,4.399999999821887,31334.0,run35,1
2785686,0.05418302840553224,4.499999999821881,31335.0,run35,1
2785775,0.05417789169587195,4.5999999998218755,31336.0,run35,1
2785864,0.05417275498621166,4.69999999982187,31337.0,run35,1
2785953,0.05416761874221265,4.799999999821864,31338.0,run35,1
2786042,0.054162482963874936,4.899999999821858,31339.0,run35,1
2786131,0.054157347651198506,4.999999999821853,31340.0,run35,1
2786220,0.054152212804183364,5.099999999821847,31341.0,run35,1
2786309,0.05414707842282951,5.199999999821841,31342.0,run35,1
2786398,0.054141944041475654,5.299999999821836,31343.0,run35,1
2786487,0.054136810125783086,5.39999999982183,31344.0,run35,1
2786576,0.054131676675751805,5.499999999821824,31345.0,run35,1
2786665,0.05412654369138181,5.599999999821819,31346.0,run35,1
2786754,0.054121411172673106,5.699999999821813,31347.0,run35,1
2786843,0.05411627911962569,5.799999999821807,31348.0,run35,1
2786932,0.05411114706657827,5.899999999821802,31349.0,run35,1
2787021,0.05410601547919214,5.999999999821796,31350.0,run35,1
2787110,0.054100884357467294,6.09999999982179,31351.0,run35,1
2787198,0.05417638621293008,5.1999999998217845,31352.0,run35,1
2787287,0.054171252297237515,5.299999999821779,31353.0,run35,1
2787376,0.054166118847206235,5.399999999821773,31354.0,run35,1
2787465,0.05416098586283624,5.4999999998217675,31355.0,run35,1
2787554,0.054155853344127536,5.599999999821762,31356.0,run35,1
2787643,0.05415072082541883,5.699999999821756,31357.0,run35,1
2787732,0.05414558877237141,5.79999999982175,31358.0,run35,1
2787821,0.05414045765064657,5.899999999821745,31359.0,run35,1
2787910,0.05413532652892172,5.999999999821739,31360.0,run35,1
2787999,0.05413019540719688,6.099999999821733,31361.0,run35,1
2788088,0.05412506521679461,6.199999999821728,31362.0,run35,1
2788177,0.05411993549205363,6.299999999821722,31363.0,run35,1
2788266,0.054114805767312646,6.399999999821716,31364.0,run35,1
2788355,0.05410967650823295,6.499999999821711,31365.0,run35,1
2788444,0.054104547714814544,6.599999999821705,31366.0,run35,1
2788533,0.054099419387057424,6.699999999821699,31367.0,run35,1
2788622,0.05409429152496159,6.799999999821694,31368.0,run35,1
2788711,0.05408916366286576,6.899999999821688,31369.0,run35,1
2788800,0.05408403626643121,6.999999999821682,31370.0,run35,1
2788889,0.054078909335657954,7.0999999998216765,31371.0,run35,1
2788978,0.05407378287054598,7.199999999821671,31372.0,run35,1
2789067,0.0540686568710953,7.299999999821665,31373.0,run35,1
2789156,0.0540635313373059,7.3999999998216595,31374.0,run35,1
2789245,0.05405840580351651,7.499999999821654,31375.0,run35,1
2789333,0.054133843863382936,6.599999999821648,31376.0,run35,1
2789422,0.0541287160012871,6.699999999821642,31377.0,run35,1
2789511,0.05412358813919127,6.799999999821637,31378.0,run35,1
2789600,0.054118460742756724,6.899999999821631,31379.0,run35,1
2789689,0.05411333427764475,6.999999999821625,31380.0,run35,1
2789778,0.054108207346871495,7.09999999982162,31381.0,run35,1
2789867,0.05410308134742081,7.199999999821614,31382.0,run35,1
2789956,0.054097955813631415,7.299999999821608,31383.0,run35,1
2790045,0.05409283027984202,7.399999999821603,31384.0,run35,1
2790134,0.05408770521171391,7.499999999821597,31385.0,run35,1
2790223,0.05408258060924709,7.599999999821591,31386.0,run35,1
2790312,0.054077456472441554,7.699999999821586,31387.0,run35,1
2790401,0.05407233280129731,7.79999999982158,31388.0,run35,1
2790490,0.05406720959581435,7.899999999821574,31389.0,run35,1
2790579,0.05406208639033139,7.9999999998215685,31390.0,run35,1
2790668,0.054056963650509715,8.099999999821563,31391.0,run35,1
2790757,0.05405184137634933,8.199999999821557,31392.0,run35,1
2790846,0.05404671956785023,8.299999999821551,31393.0,run35,1
2790935,0.05404159822501242,8.399999999821546,31394.0,run35,1
2791024,0.05403647688217461,8.49999999982154,31395.0,run35,1
2791113,0.054031356470659375,8.599999999821534,31396.0,run35,1
2791202,0.05402623605914414,8.699999999821529,31397.0,run35,1
2791291,0.05402111611329019,8.799999999821523,31398.0,run35,1
2791380,0.05401599663309753,8.899999999821517,31399.0,run35,1
2791469,0.05401087715290487,8.999999999821512,31400.0,run35,1
2791557,0.05408624862320721,8.099999999821506,31401.0,run35,1
2791646,0.054081126814708114,8.1999999998215,31402.0,run35,1
2791735,0.054076005006209016,8.299999999821495,31403.0,run35,1
2791824,0.05407088412903249,8.399999999821489,31404.0,run35,1
2791913,0.05406576325185597,8.499999999821483,31405.0,run35,1
2792002,0.054060642840340734,8.599999999821478,31406.0,run35,1
2792091,0.054055522894486785,8.699999999821472,31407.0,run35,1
2792180,0.054050403414294124,8.799999999821466,31408.0,run35,1
2792269,0.05404528439976275,8.89999999982146,31409.0,run35,1
2792358,0.054040165385231376,8.999999999821455,31410.0,run35,1
2792447,0.05403504683636129,9.09999999982145,31411.0,run35,1
2792536,0.05402992875315249,9.199999999821443,31412.0,run35,1
2792625,0.05402481113560498,9.299999999821438,31413.0,run35,1
2792714,0.05401969398371875,9.399999999821432,31414.0,run35,1
2792803,0.05401457683183253,9.499999999821426,31415.0,run35,1
2792892,0.05400946061126888,9.59999999982142,31416.0,run35,1
2792981,0.05400434439070523,9.699999999821415,31417.0,run35,1
2793070,0.053999228635802865,9.79999999982141,31418.0,run35,1
2793159,0.05399411334656179,9.899999999821404,31419.0,run35,1
2793248,0.053988998522982,9.999999999821398,31420.0,run35,1
2793337,0.05398388369940221,10.099999999821392,31421.0,run35,1
2793426,0.05397876934148371,10.199999999821387,31422.0,run35,1
2793515,0.053973655914887786,10.299999999821381,31423.0,run35,1
2793604,0.03988589835353196,10.399999999821375,31424.0,run35,1
2793692,0.05404385016299784,9.49999999982137,31425.0,run35,1
2793781,0.05403873394243419,9.599999999821364,31426.0,run35,1
2793870,0.05403361818753183,9.699999999821358,31427.0,run35,1
2793959,0.05402850289829075,9.799999999821353,31428.0,run35,1
2794048,0.054023388074710965,9.899999999821347,31429.0,run35,1
2794137,0.05401827325113118,9.999999999821341,31430.0,run35,1
2794226,0.05401315935887396,10.099999999821335,31431.0,run35,1
2794315,0.05400804546661675,10.19999999982133,31432.0,run35,1
2794404,0.054002932040020823,10.299999999821324,31433.0,run35,1
2794493,0.0539978186134249,10.399999999821318,31434.0,run35,1
2794582,0.053992706118151546,10.499999999821313,31435.0,run35,1
2794671,0.053987593622878194,10.599999999821307,31436.0,run35,1
2794760,0.05398248159326613,10.699999999821301,31437.0,run35,1
2794849,0.05397737049497664,10.799999999821296,31438.0,run35,1
2794938,0.05397225893102586,10.89999999982129,31439.0,run35,1
2795027,0.03989160736091435,10.999999999821284,31440.0,run35,1
2795116,0.039887093706056476,11.099999999821279,31441.0,run35,1
2795205,0.039882580982521176,11.199999999821273,31442.0,run35,1
2795294,0.03987806825898588,11.299999999821267,31443.0,run35,1
2795383,0.039873556001111865,11.399999999821262,31444.0,run35,1
2795472,0.03986904374323785,11.499999999821256,31445.0,run35,1
2795561,0.039864532416686416,11.59999999982125,31446.0,run35,1
2795650,0.03986002062447369,11.699999999821245,31447.0,run35,1
2795739,0.03985550976358354,11.799999999821239,31448.0,run35,1
2795828,0.03985099936835468,11.899999999821233,31449.0,run35,1
2795916,0.05399641045369208,10.999999999821227,31450.0,run35,1
2796005,0.05399130028672516,11.099999999821222,31451.0,run35,1
2796094,0.053986190585419536,11.199999999821216,31452.0,run35,1
2796183,0.053981081349775195,11.29999999982121,31453.0,run35,1
2796272,0.05397597257979214,11.399999999821205,31454.0,run35,1
2796361,0.05397086380980909,11.499999999821199,31455.0,run35,1
2796450,0.05396575597114861,11.599999999821193,31456.0,run35,1
2796539,0.03989279945380986,11.699999999821188,31457.0,run35,1
2796628,0.03988828812725842,11.799999999821182,31458.0,run35,1
2796717,0.03988377773202956,11.899999999821176,31459.0,run35,1
2796806,0.039879267336800694,11.99999999982117,31460.0,run35,1
2796895,0.03987475740723312,12.099999999821165,31461.0,run35,1
2796984,0.03987024794332683,12.19999999982116,31462.0,run35,1
2797073,0.03986573847942054,12.299999999821154,31463.0,run35,1
2797162,0.03986122948117554,12.399999999821148,31464.0,run35,1
2797251,0.03985672094859183,12.499999999821142,31465.0,run35,1
2797340,0.0398522128816694,12.599999999821136,31466.0,run35,1
2797429,0.039847704814746976,12.69999999982113,31467.0,run35,1
2797518,0.03984319721348584,12.799999999821125,31468.0,run35,1
2797607,0.0398386896122247,12.89999999982112,31469.0,run35,1
2797696,0.039834182942286134,12.999999999821114,31470.0,run35,1
2797785,0.03982967627234757,13.099999999821108,31471.0,run35,1
2797874,0.03982517006807029,13.199999999821102,31472.0,run35,1
2797963,0.039820663863793015,13.299999999821097,31473.0,run35,1
2798051,0.0398939901497215,12.399999999821091,31474.0,run35,1
2798140,0.03988948161713779,12.499999999821085,31475.0,run35,1
2798229,0.039884973084554076,12.59999999982108,31476.0,run35,1
2798318,0.03988046548329294,12.699999999821074,31477.0,run35,1
2798407,0.0398759578820318,12.799999999821068,31478.0,run35,1
2798496,0.03987145074643195,12.899999999821063,31479.0,run35,1
2798585,0.039866943610832095,12.999999999821057,31480.0,run35,1
2798674,0.03986243694089353,13.099999999821051,31481.0,run35,1
2798763,0.039857930736616254,13.199999999821046,31482.0,run35,1
2798852,0.039853424998000264,13.29999999982104,31483.0,run35,1
2798941,0.039848919259384274,13.399999999821034,31484.0,run35,1
2799030,0.03984441398642957,13.499999999821028,31485.0,run35,1
2799119,0.03983990917913616,13.599999999821023,31486.0,run35,1
2799208,0.03983540483750403,13.699999999821017,31487.0,run35,1
2799297,0.0398309004958719,13.799999999821011,31488.0,run35,1
2799386,0.03982639661990106,13.899999999821006,31489.0,run35,1
2799475,0.03982189274393022,13.999999999821,31490.0,run35,1
2799564,0.03981738933362067,14.099999999820994,31491.0,run35,1
2799653,0.0398128863889724,14.199999999820989,31492.0,run35,1
2799742,0.03980838390998542,14.299999999820983,31493.0,run35,1
2799831,0.03980388189665973,14.399999999820977,31494.0,run35,1
2799920,0.03979937988333404,14.499999999820972,31495.0,run35,1
2800009,0.03979487833566964,14.599999999820966,31496.0,run35,1
2800098,0.03979037678800523,14.69999999982096,31497.0,run35,1
2800187,0.039785875706002116,14.799999999820955,31498.0,run35,1
2800275,0.039859139593318105,13.899999999820949,31499.0,run35,1
2800364,0.039854635717347264,13.999999999820943,31500.0,run35,1
2800453,0.039850132772699,14.099999999820938,31501.0,run35,1
2800542,0.03984562982805073,14.199999999820932,31502.0,run35,1
2800631,0.039841127349063754,14.299999999820926,31503.0,run35,1
2800720,0.039836624870076776,14.39999999982092,31504.0,run35,1
2800809,0.03983212332241237,14.499999999820915,31505.0,run35,1
2800898,0.03982762177474797,14.59999999982091,31506.0,run35,1
2800987,0.039823120227083564,14.699999999820903,31507.0,run35,1
2801076,0.039818619610741735,14.799999999820898,31508.0,run35,1
2801165,0.039814118994399905,14.899999999820892,31509.0,run35,1
2801254,0.03980961884371936,14.999999999820886,31510.0,run35,1
2801343,0.03980511869303882,15.09999999982088,31511.0,run35,1
2801432,0.039800619473680854,15.199999999820875,31512.0,run35,1
2801521,0.039796120254322886,15.29999999982087,31513.0,run35,1
2801610,0.03979162103496492,15.399999999820864,31514.0,run35,1
2801699,0.039787122746929526,15.499999999820858,31515.0,run35,1
2801788,0.039782624458894134,15.599999999820852,31516.0,run35,1
2801877,0.03977812617085874,15.699999999820847,31517.0,run35,1
2801966,0.03977362881414592,15.799999999820841,31518.0,run35,1
2802055,0.039769131457433105,15.899999999820835,31519.0,run35,1
2802144,0.039764634566381574,15.99999999982083,31520.0,run35,1
2802233,0.03976013814099133,16.099999999820824,31521.0,run35,1
2802322,0.03975564171560109,16.199999999820818,31522.0,run35,1
2802410,0.03982884553261101,15.299999999820812,31523.0,run35,1
2802499,0.03982434677891433,15.399999999820807,31524.0,run35,1
2802588,0.03981984802521765,15.499999999820801,31525.0,run35,1
2802677,0.03981535020284355,15.599999999820795,31526.0,run35,1
2802766,0.03981085238046944,15.69999999982079,31527.0,run35,1
2802855,0.039806354558095336,15.799999999820784,31528.0,run35,1
2802944,0.039801857667043805,15.899999999820778,31529.0,run35,1
2803033,0.039797360775992274,15.999999999820773,31530.0,run35,1
2803122,0.03979286388494074,16.099999999820767,31531.0,run35,1
2803211,0.03978836792521179,16.19999999982076,31532.0,run35,1
2803300,0.03978387196548283,16.299999999820756,31533.0,run35,1
2803389,0.03977937647141516,16.39999999982075,31534.0,run35,1
2803478,0.03977488097734749,16.499999999820744,31535.0,run35,1
2803567,0.4529916502069682,16.59999999982074,31536.0,run35,0
2803656,0.4528771808836609,16.699999999820733,31537.0,run35,0
2803745,0.4527629960794002,16.799999999820727,31538.0,run35,0
2803834,0.45264909393154085,16.89999999982072,31539.0,run35,0
2803923,0.45253547211177647,16.999999999820716,31540.0,run35,0
2804012,0.4524221287574619,17.09999999982071,31541.0,run35,0
2804101,0.452309062005952,17.199999999820704,31542.0,run35,0
2804190,0.4521962699946016,17.2999999998207,31543.0,run35,0
2804279,0.4520837503951043,17.399999999820693,31544.0,run35,0
2804368,0.4519715018104762,17.499999999820687,31545.0,run35,0
2804457,0.45185952191241086,17.59999999982068,31546.0,run35,0
1044579,0.394389575580135,3.999999999933209,11750.0,run1_region,0
1044668,0.39425634569488466,4.099999999933203,11751.0,run1_region,0
1044757,0.39412330626510084,4.199999999933198,11752.0,run1_region,0
1044846,0.39399045635946095,4.299999999933192,11753.0,run1_region,0
1044935,0.3938577950466424,4.399999999933186,11754.0,run1_region,0
1045024,0.39372532186098397,4.499999999933181,11755.0,run1_region,0
1045113,0.3935930363368243,4.599999999933175,11756.0,run1_region,0
1045202,0.39346093754284084,4.699999999933169,11757.0,run1_region,0
1045291,0.393329024547711,4.7999999999331635,11758.0,run1_region,0
1045380,0.39319729688577354,4.899999999933158,11759.0,run1_region,0
1045469,0.39306575362570584,4.999999999933152,11760.0,run1_region,0
1045558,0.054127934621647,5.0999999999331465,11761.0,run1_region,1
1045647,0.054114255821332335,5.199999999933141,11762.0,run1_region,1
1045736,0.05410057934932411,5.299999999933135,11763.0,run1_region,1
1045825,0.0540869056712836,5.399999999933129,11764.0,run1_region,1
1045914,0.05407323478721082,5.499999999933124,11765.0,run1_region,1
1046003,0.05405956716276705,5.599999999933118,11766.0,run1_region,1
1046091,0.3930410754401237,4.699999999933112,11767.0,run1_region,0
1046180,0.39290982647798955,4.799999999933107,11768.0,run1_region,0
1046269,0.054233373841270804,4.899999999933101,11769.0,run1_region,1
1046358,0.054219692246988416,4.999999999933095,11770.0,run1_region,1
1046447,0.054206012981012464,5.09999999993309,11771.0,run1_region,1
1046536,0.054192336509004235,5.199999999933084,11772.0,run1_region,1
1046625,0.05417866283096373,5.299999999933078,11773.0,run1_region,1
1046714,0.05416499194689095,5.399999999933073,11774.0,run1_region,1
1046803,0.05415132385678589,5.499999999933067,11775.0,run1_region,1
1046892,0.05413765809498727,5.599999999933061,11776.0,run1_region,1
1046981,0.054123995592817664,5.6999999999330555,11777.0,run1_region,1
1047070,0.05411033541895449,5.79999999993305,11778.0,run1_region,1
1047159,0.05409667803905904,5.899999999933044,11779.0,run1_region,1
1047248,0.054083023918792605,5.9999999999330385,11780.0,run1_region,1
1047337,0.054069372126832604,6.099999999933033,11781.0,run1_region,1
1047426,0.05405572266317904,6.199999999933027,11782.0,run1_region,1
1047515,0.05404207645915449,6.299999999933021,11783.0,run1_region,1
1047604,0.05402843304909766,6.399999999933016,11784.0,run1_region,1
1047693,0.054014791967347264,6.49999999993301,11785.0,run1_region,1
1047782,0.05400115414522588,6.599999999933004,11786.0,run1_region,1
1047871,0.05398751865141094,6.699999999932999,11787.0,run1_region,1
1047960,0.053973885951563716,6.799999999932993,11788.0,run1_region,1
1048049,0.05396025604568422,6.899999999932987,11789.0,run1_region,1
1048138,0.053946628933772445,6.999999999932982,11790.0,run1_region,1
1048227,0.053933004615828395,7.099999999932976,11791.0,run1_region,1
1048315,0.054133710684254766,6.19999999993297,11792.0,run1_region,1
1048404,0.05412006680853665,6.299999999932965,11793.0,run1_region,1
1048493,0.054106425726786256,6.399999999932959,11794.0,run1_region,1
1048582,0.054092787904664874,6.499999999932953,11795.0,run1_region,1
1048671,0.05407915194518864,6.5999999999329475,11796.0,run1_region,1
1048760,0.05406551924534142,6.699999999932942,11797.0,run1_region,1
1048849,0.05405188933946192,6.799999999932936,11798.0,run1_region,1
1048938,0.05403826176188886,6.8999999999329305,11799.0,run1_region,1
1049027,0.05402463744394481,6.999999999932925,11800.0,run1_region,1
1049116,0.0540110154543072,7.099999999932919,11801.0,run1_region,1
1049205,0.05399739625863731,7.199999999932913,11802.0,run1_region,1
1049294,0.053983779856935143,7.299999999932908,11803.0,run1_region,1
1049383,0.0539701662492007,7.399999999932902,11804.0,run1_region,1
1049472,0.053956554969772696,7.499999999932896,11805.0,run1_region,1
1049561,0.0539429469499737,7.599999999932891,11806.0,run1_region,1
1049650,0.053929341258481145,7.699999999932885,11807.0,run1_region,1
1049739,0.05391573836095631,7.799999999932879,11808.0,run1_region,1
1049828,0.0539021382573992,7.899999999932874,11809.0,run1_region,1
1049917,0.053888540947809815,7.999999999932868,11810.0,run1_region,1
1050006,0.053874945966526866,8.099999999932862,11811.0,run1_region,1
1050095,0.05386135424487293,8.199999999932857,11812.0,run1_region,1
1050184,0.053847764851525426,8.29999999993285,11813.0,run1_region,1
1050273,0.05383417825214565,8.399999999932845,11814.0,run1_region,1
1050362,0.053820594446733594,8.49999999993284,11815.0,run1_region,1
1050450,0.05402085208334029,7.599999999932834,11816.0,run1_region,1
1050539,0.054007248720154166,7.699999999932828,11817.0,run1_region,1
1050628,0.053993648616597056,7.7999999999328224,11818.0,run1_region,1
1050717,0.05398005084134638,7.899999999932817,11819.0,run1_region,1
1050806,0.05396645632572472,7.999999999932811,11820.0,run1_region,1
1050895,0.053952864138409495,8.099999999932805,11821.0,run1_region,1
1050984,0.053939274745061994,8.1999999999328,11822.0,run1_region,1
1051073,0.05392568768002093,8.299999999932794,11823.0,run1_region,1
1051162,0.053912103874608874,8.399999999932788,11824.0,run1_region,1
1051251,0.05389852239750326,8.499999999932783,11825.0,run1_region,1
1051340,0.05388494418002665,8.599999999932777,11826.0,run1_region,1
1051429,0.05387136829085648,8.699999999932771,11827.0,run1_region,1
1051518,0.053857795195654035,8.799999999932766,11828.0,run1_region,1
1051607,0.053844224428758025,8.89999999993276,11829.0,run1_region,1
1051696,0.05383065692149103,8.999999999932754,11830.0,run1_region,1
1051785,0.053817091742530465,9.099999999932749,11831.0,run1_region,1
1051874,0.05380352935753763,9.199999999932743,11832.0,run1_region,1
1051963,0.05378996976651251,9.299999999932737,11833.0,run1_region,1
1052052,0.05377641296945512,9.399999999932731,11834.0,run1_region,1
1052141,0.05376285850070417,9.499999999932726,11835.0,run1_region,1
1052230,0.05374930729158223,9.59999999993272,11836.0,run1_region,1
1052319,0.05373575841076672,9.699999999932714,11837.0,run1_region,1
1052408,0.05372221232391894,9.799999999932709,11838.0,run1_region,1
1052497,0.05370866903103888,9.899999999932703,11839.0,run1_region,1
1052586,0.05369512806646526,9.999999999932697,11840.0,run1_region,1
1052674,0.05389491678215563,9.099999999932692,11841.0,run1_region,1
1052763,0.05388135672546923,9.199999999932686,11842.0,run1_region,1
1052852,0.05386779992841184,9.29999999993268,11843.0,run1_region,1
1052941,0.05385424545966089,9.399999999932675,11844.0,run1_region,1
1053030,0.05384069378487766,9.499999999932669,11845.0,run1_region,1
1053119,0.05382714490406215,9.599999999932663,11846.0,run1_region,1
1053208,0.05381359835155308,9.699999999932658,11847.0,run1_region,1
1053297,0.05380005459301174,9.799999999932652,11848.0,run1_region,1
1053386,0.053786513628438115,9.899999999932646,11849.0,run1_region,1
1053475,0.05377297545783222,9.99999999993264,11850.0,run1_region,1
1053564,0.05375944008119404,10.099999999932635,11851.0,run1_region,1
1053653,0.05374590749852359,10.19999999993263,11852.0,run1_region,1
1053742,0.05373237724415958,10.299999999932623,11853.0,run1_region,1
1053831,0.05371884978376329,10.399999999932618,11854.0,run1_region,1
1053920,0.053705325117334723,10.499999999932612,11855.0,run1_region,1
1054009,0.053691802779212594,10.599999999932606,11856.0,run1_region,1
1054098,0.053678283700719476,10.6999999999326,11857.0,run1_region,1
1054187,0.053664766950532794,10.799999999932595,11858.0,run1_region,1
1054276,0.053651252994313836,10.89999999993259,11859.0,run1_region,1
1054365,0.0536377418320626,10.999999999932584,11860.0,run1_region,1
1054454,0.053624232998117805,11.099999999932578,11861.0,run1_region,1
1054543,0.05361072695814073,11.199999999932572,11862.0,run1_region,1
1054632,0.05359722417779267,11.299999999932567,11863.0,run1_region,1
1054721,0.053583723260089755,11.399999999932561,11864.0,run1_region,1
1054809,0.05378306726925075,10.499999999932555,11865.0,run1_region,1
1054898,0.053769547725096345,10.59999999993255,11866.0,run1_region,1
1054987,0.05375603097490966,10.699999999932544,11867.0,run1_region,1
1055076,0.05374251655302942,10.799999999932538,11868.0,run1_region,1
1055165,0.053729005390778184,10.899999999932533,11869.0,run1_region,1
1055254,0.053715496556833386,10.999999999932527,11870.0,run1_region,1
1055343,0.053701990051195025,11.099999999932521,11871.0,run1_region,1
1055432,0.053688486805185676,11.199999999932515,11872.0,run1_region,1
1055521,0.05367498588748276,11.29999999993251,11873.0,run1_region,1
1055610,0.05366148822940886,11.399999999932504,11874.0,run1_region,1
1055699,0.05364799243398011,11.499999999932498,11875.0,run1_region,1
1055788,0.053634499898180366,11.599999999932493,11876.0,run1_region,1
1055877,0.05362100969068706,11.699999999932487,11877.0,run1_region,1
1055966,0.053607522742822766,11.799999999932481,11878.0,run1_region,1
1329515,0.2788201633375138,15.49999999991499,14955.0,run9_11_region,0
1329604,0.2787758510094136,15.599999999914985,14956.0,run9_11_region,0
1329693,0.2787315531168133,15.69999999991498,14957.0,run9_11_region,0
1329782,0.2786872701253742,15.799999999914974,14958.0,run9_11_region,0
1329871,0.2786430020350963,15.899999999914968,14959.0,run9_11_region,0
1329960,0.2785987483803183,15.999999999914962,14960.0,run9_11_region,0
1330049,0.2785545096267015,16.099999999914957,14961.0,run9_11_region,0
1330138,0.27851028577424586,16.19999999991495,14962.0,run9_11_region,0
1330227,0.40540024754591286,16.299999999914945,14963.0,run9_11_region,0
1330316,0.4052826703991741,16.39999999991494,14964.0,run9_11_region,0
1330405,0.40516525437124074,16.499999999914934,14965.0,run9_11_region,0
1330494,0.013609441230073571,16.599999999914928,14966.0,run9_11_region,1
1330583,0.013602180639281869,16.699999999914922,14967.0,run9_11_region,1
1330672,0.013594921445474029,16.799999999914917,14968.0,run9_11_region,1
1330761,0.01358766364865005,16.89999999991491,14969.0,run9_11_region,1
1330849,0.4053721821401268,15.999999999914905,14970.0,run9_11_region,0
1330938,0.40525469626300037,16.0999999999149,14971.0,run9_11_region,0
1331027,0.4051373719703406,16.199999999914894,14972.0,run9_11_region,0
1331116,0.4050202078651637,16.29999999991489,14973.0,run9_11_region,0
1331205,0.013706180965527892,16.399999999914883,14974.0,run9_11_region,1
1331294,0.013698916649445891,16.499999999914877,14975.0,run9_11_region,1
1331383,0.013691653730347753,16.59999999991487,14976.0,run9_11_region,1
1331472,0.013684391276910901,16.699999999914866,14977.0,run9_11_region,1
1331561,0.013677130220457911,16.79999999991486,14978.0,run9_11_region,1
1331650,0.013669870560988784,16.899999999914854,14979.0,run9_11_region,1
1331739,0.013662611367180943,16.99999999991485,14980.0,run9_11_region,1
1331828,0.013655353570356965,17.099999999914843,14981.0,run9_11_region,1
1331917,0.013648097170516849,17.199999999914837,14982.0,run9_11_region,1
1332006,0.01364084123633802,17.29999999991483,14983.0,run9_11_region,1
1332095,0.013633586699143052,17.399999999914826,14984.0,run9_11_region,1
1332184,0.01362633309327066,17.49999999991482,14985.0,run9_11_region,1
1332273,0.013619080884382129,17.599999999914814,14986.0,run9_11_region,1
1332362,0.013611829606816173,17.69999999991481,14987.0,run9_11_region,1
1332451,0.013604579260572791,17.799999999914803,14988.0,run9_11_region,1
1332540,0.013597329845651984,17.899999999914797,14989.0,run9_11_region,1
1332629,0.01359008182771504,17.99999999991479,14990.0,run9_11_region,1
1332718,0.013582834741100669,18.099999999914786,14991.0,run9_11_region,1
1332807,0.01357558905147016,18.19999999991478,14992.0,run9_11_region,1
1332896,0.01356834382750094,18.299999999914775,14993.0,run9_11_region,1
1332985,0.01356110000051558,18.39999999991477,14994.0,run9_11_region,1
1333073,0.013708432903513312,17.499999999914763,14995.0,run9_11_region,1
1333162,0.013701178831979632,17.599999999914758,14996.0,run9_11_region,1
1333251,0.013693925691768527,17.699999999914752,14997.0,run9_11_region,1
1333340,0.013686673482879996,17.799999999914746,14998.0,run9_11_region,1
1333429,0.01367942220531404,17.89999999991474,14999.0,run9_11_region,1
1333518,0.013672172324731946,17.999999999914735,15000.0,run9_11_region,1
1333607,0.013664923375472426,18.09999999991473,15001.0,run9_11_region,1
1333696,0.013657675823196769,18.199999999914724,15002.0,run9_11_region,1
1333785,0.013650428736582398,18.299999999914718,15003.0,run9_11_region,1
1333874,0.01364318304695189,18.399999999914712,15004.0,run9_11_region,1
1333963,0.013635938754305243,18.499999999914706,15005.0,run9_11_region,1
1334052,0.013628694927319884,18.5999999999147,15006.0,run9_11_region,1
1334141,0.013621452497318387,18.699999999914695,15007.0,run9_11_region,1
1334230,0.013614210998639464,18.79999999991469,15008.0,run9_11_region,1
1334319,0.013606970896944404,18.899999999914684,15009.0,run9_11_region,1
1334408,0.013599731726571918,18.999999999914678,15010.0,run9_11_region,1
1334497,0.013592493487522006,19.099999999914672,15011.0,run9_11_region,1
1334586,0.01358525617979467,19.199999999914667,15012.0,run9_11_region,1
1334675,0.013578020269051194,19.29999999991466,15013.0,run9_11_region,1
1334764,0.013570785289630294,19.399999999914655,15014.0,run9_11_region,1
1334853,0.013563551707193255,19.49999999991465,15015.0,run9_11_region,1
1334942,0.013556318590417504,19.599999999914644,15016.0,run9_11_region,1
1335031,0.013549086870625615,19.69999999991464,15017.0,run9_11_region,1
1335120,0.013541856547817588,19.799999999914633,15018.0,run9_11_region,1
1335208,0.01368894916959107,18.899999999914627,15019.0,run9_11_region,1
1335297,0.013681708136573434,18.99999999991462,15020.0,run9_11_region,1
1335386,0.013674468034878373,19.099999999914616,15021.0,run9_11_region,1
1335475,0.013667228864505887,19.19999999991461,15022.0,run9_11_region,1
1335564,0.013659991091117263,19.299999999914604,15023.0,run9_11_region,1
1335653,0.013652754249051213,19.3999999999146,15024.0,run9_11_region,1
1335742,0.013645518803969026,19.499999999914593,15025.0,run9_11_region,1
1335831,0.013638283824548125,19.599999999914587,15026.0,run9_11_region,1
1335920,0.013631050242111087,19.69999999991458,15027.0,run9_11_region,1
1336009,0.013623817590996623,19.799999999914576,15028.0,run9_11_region,1
1336098,0.013616586336866021,19.89999999991457,15029.0,run9_11_region,1
1336187,0.013609356014057994,19.999999999914564,15030.0,run9_11_region,1
1336276,0.013602126622572541,20.09999999991456,15031.0,run9_11_region,1
1336365,0.013594898162409663,20.199999999914553,15032.0,run9_11_region,1
1336454,0.013587671099230647,20.299999999914547,15033.0,run9_11_region,1
1336543,0.013580444967374206,20.39999999991454,15034.0,run9_11_region,1
1336632,0.013573220232501626,20.499999999914536,15035.0,run9_11_region,1
1336721,0.013565995963290334,20.59999999991453,15036.0,run9_11_region,1
1336810,0.013558773091062903,20.699999999914525,15037.0,run9_11_region,1
1336899,0.013551551150158048,20.79999999991452,15038.0,run9_11_region,1
1336988,0.013544330606237054,20.899999999914513,15039.0,run9_11_region,1
1337077,0.013537110993638635,20.999999999914507,15040.0,run9_11_region,1
1337166,0.01352989231236279,21.099999999914502,15041.0,run9_11_region,1
1337255,0.01352267456240952,21.199999999914496,15042.0,run9_11_region,1
1337343,0.013669528299942613,20.29999999991449,15043.0,run9_11_region,1
1337432,0.013662300305441022,20.399999999914485,15044.0,run9_11_region,1
1337521,0.013655073242262006,20.49999999991448,15045.0,run9_11_region,1
1337610,0.013647847576066852,20.599999999914473,15046.0,run9_11_region,1
1337699,0.013640622841194272,20.699999999914468,15047.0,run9_11_region,1
1337788,0.013633399037644267,20.799999999914462,15048.0,run9_11_region,1
1337877,0.013626176165416837,20.899999999914456,15049.0,run9_11_region,1
1337966,0.013618954690173268,20.99999999991445,15050.0,run9_11_region,1
1338055,0.013611734146252275,21.099999999914445,15051.0,run9_11_region,1
1338144,0.013604514999315143,21.19999999991444,15052.0,run9_11_region,1
1338233,0.013597296783700585,21.299999999914434,15053.0,run9_11_region,1
1338322,0.013590079499408603,21.399999999914428,15054.0,run9_11_region,1
1338411,0.013582863146439195,21.499999999914422,15055.0,run9_11_region,1
1338500,0.013575647724792361,21.599999999914417,15056.0,run9_11_region,1
1338589,0.01356843370012939,21.69999999991441,15057.0,run9_11_region,1
1338678,0.013561220606788993,21.799999999914405,15058.0,run9_11_region,1
1338767,0.013554008910432458,21.8999999999144,15059.0,run9_11_region,1
1338856,0.013546798145398498,21.999999999914394,15060.0,run9_11_region,1
1338945,0.013539588311687112,22.099999999914388,15061.0,run9_11_region,1
1339034,0.0135323794092983,22.199999999914382,15062.0,run9_11_region,1
1339123,0.013525171903893352,22.299999999914377,15063.0,run9_11_region,1
1339212,0.01351796486414969,22.39999999991437,15064.0,run9_11_region,1
1339301,0.013510759687051177,22.499999999914365,15065.0,run9_11_region,1
1339390,0.013503554975613952,22.59999999991436,15066.0,run9_11_region,1
1339479,0.013496351661160588,22.699999999914354,15067.0,run9_11_region,1
1339567,0.01364295487292111,21.79999999991435,15068.0,run9_11_region,1
1339656,0.013635741313919425,21.899999999914343,15069.0,run9_11_region,1
1339745,0.013628528220579028,21.999999999914337,15070.0,run9_11_region,1
1339834,0.013621316524222493,22.09999999991433,15071.0,run9_11_region,1
1339923,0.01361410622484982,22.199999999914326,15072.0,run9_11_region,1
1340012,0.013606896391138434,22.29999999991432,15073.0,run9_11_region,1
1340101,0.01359968795441091,22.399999999914314,15074.0,run9_11_region,1
1340190,0.013592480449005961,22.49999999991431,15075.0,run9_11_region,1
1340279,0.013585274340584874,22.599999999914303,15076.0,run9_11_region,1
1340368,0.013578069163486362,22.699999999914297,15077.0,run9_11_region,1
1340457,0.013570864917710423,22.79999999991429,15078.0,run9_11_region,1
1340546,0.01356366160325706,22.899999999914286,15079.0,run9_11_region,1
1340635,0.013556459685787559,22.99999999991428,15080.0,run9_11_region,1
1340724,0.013549258699640632,23.099999999914274,15081.0,run9_11_region,1
1340813,0.01354205864481628,23.19999999991427,15082.0,run9_11_region,1
1340902,0.013534859521314502,23.299999999914263,15083.0,run9_11_region,1
1340991,0.013527661794796586,23.399999999914257,15084.0,run9_11_region,1
1341080,0.013520464999601245,23.49999999991425,15085.0,run9_11_region,1
1341169,0.013513269135728478,23.599999999914246,15086.0,run9_11_region,1
1341258,0.013506074668839574,23.69999999991424,15087.0,run9_11_region,1
1341347,0.013498881133273244,23.799999999914235,15088.0,run9_11_region,1
1341436,0.013491688529029489,23.89999999991423,15089.0,run9_11_region,1
1341525,0.013484496856108308,23.999999999914223,15090.0,run9_11_region,1
1341614,0.013477306580170989,24.099999999914218,15091.0,run9_11_region,1
1341702,0.013623672304674983,23.199999999914212,15092.0,run9_11_region,1
1341791,0.013616471318528056,23.299999999914206,15093.0,run9_11_region,1
1341880,0.013609271729364991,23.3999999999142,15094.0,run9_11_region,1
1341969,0.0136020730715245,23.499999999914195,15095.0,run9_11_region,1
1342058,0.013594875345006585,23.59999999991419,15096.0,run9_11_region,1
1342147,0.013587679015472531,23.699999999914183,15097.0,run9_11_region,1
1342236,0.013580483617261052,23.799999999914178,15098.0,run9_11_region,1
1342325,0.013573289150372148,23.899999999914172,15099.0,run9_11_region,1
1342414,0.013566095614805818,23.999999999914166,15100.0,run9_11_region,1
1342503,0.01355890347622335,24.09999999991416,15101.0,run9_11_region,1
1342592,0.013551712268963456,24.199999999914155,15102.0,run9_11_region,1
1342681,0.013544521993026137,24.29999999991415,15103.0,run9_11_region,1
1342770,0.01353733311407268,24.399999999914144,15104.0,run9_11_region,1
1342859,0.013530144700780511,24.499999999914138,15105.0,run9_11_region,1
1342948,0.013522957684472203,24.599999999914132,15106.0,run9_11_region,1
1343037,0.013515772065147758,24.699999999914127,15107.0,run9_11_region,1
1343126,0.013508586911484599,24.79999999991412,15108.0,run9_11_region,1
1343215,0.013501403154805303,24.899999999914115,15109.0,run9_11_region,1
1343304,0.01349422032944858,24.99999999991411,15110.0,run9_11_region,1
1343393,0.01348703890107572,25.099999999914104,15111.0,run9_11_region,1
1343482,0.013479858404025435,25.1999999999141,15112.0,run9_11_region,1
1343571,0.013472678372636437,25.299999999914093,15113.0,run9_11_region,1
1343660,0.013465500203892589,25.399999999914087,15114.0,run9_11_region,1
1343749,0.013458322500810027,25.49999999991408,15115.0,run9_11_region,1
1343838,0.013451146194711328,25.599999999914075,15116.0,run9_11_region,1
1343926,0.0135972632560879,24.69999999991407,15117.0,run9_11_region,1
1344015,0.013590076705440879,24.799999999914064,15118.0,run9_11_region,1
1344104,0.013582891086116433,24.89999999991406,15119.0,run9_11_region,1
1344193,0.013575706398114562,24.999999999914053,15120.0,run9_11_region,1
1344282,0.013568523107096553,25.099999999914047,15121.0,run9_11_region,1
1344371,0.013561340281739831,25.19999999991404,15122.0,run9_11_region,1
1344460,0.013554158853366971,25.299999999914036,15123.0,run9_11_region,1
1344549,0.013546978821977973,25.39999999991403,15124.0,run9_11_region,1
1344638,0.013539799256250262,25.499999999914024,15125.0,run9_11_region,1
1344727,0.013532621087506413,25.59999999991402,15126.0,run9_11_region,1
1344816,0.01352544385008514,25.699999999914013,15127.0,run9_11_region,1
1344905,0.01351826754398644,25.799999999914007,15128.0,run9_11_region,1
1344994,0.013511092634871602,25.899999999914,15129.0,run9_11_region,1
1345083,0.013503918657079339,25.999999999913996,15130.0,run9_11_region,1
1345172,0.01349674561060965,26.09999999991399,15131.0,run9_11_region,1
1345261,0.013489573495462537,26.199999999913985,15132.0,run9_11_region,1
1345350,0.013482402777299285,26.29999999991398,15133.0,run9_11_region,1
1345439,0.013475232990458608,26.399999999913973,15134.0,run9_11_region,1
1345528,0.013468064134940505,26.499999999913967,15135.0,run9_11_region,1
1345617,0.013460896676406264,26.599999999913962,15136.0,run9_11_region,1
1345706,0.013453729683533311,26.699999999913956,15137.0,run9_11_region,1
1345795,0.01344656408764422,26.79999999991395,15138.0,run9_11_region,1
1345884,0.01343939988873899,26.899999999913945,15139.0,run9_11_region,1
1345973,0.013432236155495048,26.99999999991394,15140.0,run9_11_region,1
1346061,0.013578117126598954,26.099999999913933,15141.0,run9_11_region,1
1346150,0.013570943614467978,26.199999999913928,15142.0,run9_11_region,1
1346239,0.013563771033659577,26.299999999913922,15143.0,run9_11_region,1
1346328,0.013556598918512464,26.399999999913916,15144.0,run9_11_region,1
1346417,0.013549428666010499,26.49999999991391,15145.0,run9_11_region,1
1346506,0.013542258879169822,26.599999999913905,15146.0,run9_11_region,1
1346595,0.013535090489313006,26.6999999999139,15147.0,run9_11_region,1
1346684,0.013527923030778766,26.799999999913894,15148.0,run9_11_region,1
1346773,0.0135207565035671,26.899999999913888,15149.0,run9_11_region,1
1346862,0.013513591373339295,26.999999999913882,15150.0,run9_11_region,1
1346951,0.013506427174434066,27.099999999913877,15151.0,run9_11_region,1
1347040,0.01349926390685141,27.19999999991387,15152.0,run9_11_region,1
1347129,0.01349210157059133,27.299999999913865,15153.0,run9_11_region,1
1347218,0.013484940631315112,27.39999999991386,15154.0,run9_11_region,1
1347307,0.013477780157700181,27.499999999913854,15155.0,run9_11_region,1
1347396,0.013470621546730399,27.599999999913848,15156.0,run9_11_region,1
1347485,0.013463463401421905,27.699999999913842,15157.0,run9_11_region,1
1347574,0.013456306187435985,27.799999999913837,15158.0,run9_11_region,1
1347663,0.013449150370433927,27.89999999991383,15159.0,run9_11_region,1
1347752,0.013441995484754443,27.999999999913825,15160.0,run9_11_region,1
1347841,0.013434841996058822,28.09999999991382,15161.0,run9_11_region,1
1347930,0.013427688973024487,28.199999999913814,15162.0,run9_11_region,1
1348019,0.013420537346974015,28.29999999991381,15163.0,run9_11_region,1
1348108,0.013413386652246118,28.399999999913803,15164.0,run9_11_region,1
1348197,0.013406237354502082,28.499999999913797,15165.0,run9_11_region,1
1348285,0.013551871525123715,27.59999999991379,15166.0,run9_11_region,1
1348374,0.013544711982831359,27.699999999913786,15167.0,run9_11_region,1
1348463,0.01353755290620029,27.79999999991378,15168.0,run9_11_region,1
1348552,0.013530395226553082,27.899999999913774,15169.0,run9_11_region,1
1348641,0.01352323847822845,27.99999999991377,15170.0,run9_11_region,1
1348730,0.013516083126887679,28.099999999913763,15171.0,run9_11_region,1
1348819,0.013508928241208196,28.199999999913757,15172.0,run9_11_region,1
1348908,0.013501774752512574,28.29999999991375,15173.0,run9_11_region,1
1348997,0.013494622660800815,28.399999999913746,15174.0,run9_11_region,1
1349086,0.013487471034750342,28.49999999991374,15175.0,run9_11_region,1
1349175,0.013480320805683732,28.599999999913734,15176.0,run9_11_region,1
1349264,0.013473171507939696,28.69999999991373,15177.0,run9_11_region,1
1349353,0.013466023141518235,28.799999999913723,15178.0,run9_11_region,1
1349442,0.013458875706419349,28.899999999913717,15179.0,run9_11_region,1
1349531,0.013451729668304324,28.99999999991371,15180.0,run9_11_region,1
1349620,0.013444584561511874,29.099999999913706,15181.0,run9_11_region,1
1349709,0.013437440386041999,29.1999999999137,15182.0,run9_11_region,1
1349798,0.013430297141894698,29.299999999913695,15183.0,run9_11_region,1
1349887,0.01342315529473126,29.39999999991369,15184.0,run9_11_region,1
1349976,0.013416014378890395,29.499999999913683,15185.0,run9_11_region,1
1350065,0.013408874394372106,29.599999999913678,15186.0,run9_11_region,1
1350154,0.013401735806837678,29.699999999913672,15187.0,run9_11_region,1
1350243,0.013394597684964538,29.799999999913666,15188.0,run9_11_region,1
1350332,0.01338746096007526,29.89999999991366,15189.0,run9_11_region,1
1350420,0.013532860903069377,28.999999999913655,15190.0,run9_11_region,1
1350509,0.013525713933631778,29.09999999991365,15191.0,run9_11_region,1
1350598,0.013518567895516753,29.199999999913643,15192.0,run9_11_region,1
1350687,0.013511422788724303,29.299999999913638,15193.0,run9_11_region,1
1350776,0.013504279078915715,29.399999999913632,15194.0,run9_11_region,1
1350865,0.013497136300429702,29.499999999913626,15195.0,run9_11_region,1
1350954,0.013489994453266263,29.59999999991362,15196.0,run9_11_region,1
1351043,0.013482854003086686,29.699999999913615,15197.0,run9_11_region,1
1351132,0.013475714484229684,29.79999999991361,15198.0,run9_11_region,1
1351221,0.013468575896695256,29.899999999913604,15199.0,run9_11_region,1
1351310,0.013461438240483403,29.999999999913598,15200.0,run9_11_region,1
1351399,0.013454301515594125,30.099999999913592,15201.0,run9_11_region,1
1351488,0.013447166187688708,30.199999999913587,15202.0,run9_11_region,1
1351577,0.013440031791105866,30.29999999991358,15203.0,run9_11_region,1
1351666,0.0134328983258456,30.399999999913575,15204.0,run9_11_region,1
1351755,0.013425766257569194,30.49999999991357,15205.0,run9_11_region,1
1351844,0.013418634654954076,30.599999999913564,15206.0,run9_11_region,1
1351933,0.01341150444932282,30.699999999913558,15207.0,run9_11_region,1
1352022,0.013404375175014138,30.799999999913553,15208.0,run9_11_region,1
1352111,0.013397247297689319,30.899999999913547,15209.0,run9_11_region,1
1352200,0.013390119886025786,30.99999999991354,15210.0,run9_11_region,1
1352289,0.013382993871346116,31.099999999913535,15211.0,run9_11_region,1
1352378,0.01337586878798902,31.19999999991353,15212.0,run9_11_region,1
1352467,0.0133687446359545,31.299999999913524,15213.0,run9_11_region,1
1352555,0.013513910816982388,30.39999999991352,15214.0,run9_11_region,1
1352644,0.013506776420399547,30.499999999913513,15215.0,run9_11_region,1
1352733,0.013499643420800567,30.599999999913507,15216.0,run9_11_region,1
1352822,0.013492511352524161,30.6999999999135,15217.0,run9_11_region,1
1352911,0.01348538021557033,30.799999999913496,15218.0,run9_11_region,1
1353000,0.013478250475600362,30.89999999991349,15219.0,run9_11_region,1
1353089,0.01347112120129168,30.999999999913484,15220.0,run9_11_region,1
1353178,0.01346399332396686,31.09999999991348,15221.0,run9_11_region,1
1353267,0.013456866377964616,31.199999999913473,15222.0,run9_11_region,1
1353356,0.013449740828946233,31.299999999913467,15223.0,run9_11_region,1
1353445,0.013442615745589137,31.39999999991346,15224.0,run9_11_region,1
1353534,0.013435492059215903,31.499999999913456,15225.0,run9_11_region,1
1353623,0.013428369304165244,31.59999999991345,15226.0,run9_11_region,1
1353712,0.013421247946098447,31.699999999913445,15227.0,run9_11_region,1
1353801,0.013414127053692937,31.79999999991344,15228.0,run9_11_region,1
1353890,0.013407007558271289,31.899999999913433,15229.0,run9_11_region,1
1353979,0.013399888994172215,31.999999999913427,15230.0,run9_11_region,1
1354068,0.013392771361395717,32.09999999991342,15231.0,run9_11_region,1
1354157,0.01338565512560308,32.199999999913416,15232.0,run9_11_region,1
1354246,0.013378539821133018,32.29999999991341,15233.0,run9_11_region,1
1354335,0.01337142544798553,32.399999999913405,15234.0,run9_11_region,1
1354424,0.013364312006160617,32.4999999999134,15235.0,run9_11_region,1
1354513,0.013357199495658278,32.59999999991339,15236.0,run9_11_region,1
1354602,0.013350088382139802,32.69999999991339,15237.0,run9_11_region,1
1354691,0.0133429781999439,32.79999999991338,15238.0,run9_11_region,1
1354779,0.013487899443134665,31.899999999913376,15239.0,run9_11_region,1
1354868,0.01348077948205173,31.99999999991337,15240.0,run9_11_region,1
1354957,0.013473659986630082,32.099999999913365,15241.0,run9_11_region,1
1355046,0.013466541888192296,32.19999999991336,15242.0,run9_11_region,1
1355135,0.013459424255415797,32.299999999913354,15243.0,run9_11_region,1
1355224,0.01345230801962316,32.39999999991335,15244.0,run9_11_region,1
1355313,0.013445193180814385,32.49999999991334,15245.0,run9_11_region,1
1355402,0.013438078807666898,32.59999999991334,15246.0,run9_11_region,1
1355491,0.013430965831503272,32.69999999991333,15247.0,run9_11_region,1
1355580,0.013423853786662221,32.799999999913325,15248.0,run9_11_region,1
1355669,0.013416742673143744,32.89999999991332,15249.0,run9_11_region,1
1355758,0.01340963295660913,32.999999999913314,15250.0,run9_11_region,1
1355847,0.013402523705735803,33.09999999991331,15251.0,run9_11_region,1
1355936,0.013395415851846337,33.1999999999133,15252.0,run9_11_region,1
1356025,0.013388308929279447,33.2999999999133,15253.0,run9_11_region,1
1356114,0.013381203403696418,33.39999999991329,15254.0,run9_11_region,1
1356203,0.013374098343774676,33.499999999913285,15255.0,run9_11_region,1
1356292,0.013366994680836797,33.59999999991328,15256.0,run9_11_region,1
1356381,0.013359891949221492,33.699999999913274,15257.0,run9_11_region,1
1356470,0.013352790148928761,33.79999999991327,15258.0,run9_11_region,1
1356559,0.013345689745619893,33.89999999991326,15259.0,run9_11_region,1
1356648,0.013338589807972312,33.99999999991326,15260.0,run9_11_region,1
1356737,0.013331491267308593,34.09999999991325,15261.0,run9_11_region,1
1356826,0.013324393657967448,34.199999999913246,15262.0,run9_11_region,1
1356914,0.013469083001837134,33.29999999991324,15263.0,run9_11_region,1
1357003,0.013461975147947669,33.399999999913234,15264.0,run9_11_region,1
1357092,0.013454868691042066,33.49999999991323,15265.0,run9_11_region,1
1357181,0.013447763165459037,33.59999999991322,15266.0,run9_11_region,1
1357270,0.013440658571198583,33.69999999991322,15267.0,run9_11_region,1
1357359,0.013433554908260703,33.79999999991321,15268.0,run9_11_region,1
1357448,0.013426452642306685,33.899999999913206,15269.0,run9_11_region,1
1357537,0.013419350842013955,33.9999999999132,15270.0,run9_11_region,1
1357626,0.013412250438705087,34.099999999913194,15271.0,run9_11_region,1
1357715,0.01340515143238008,34.19999999991319,15272.0,run9_11_region,1
1357804,0.013398052891716361,34.29999999991318,15273.0,run9_11_region,1
1357893,0.013390955748036504,34.39999999991318,15274.0,run9_11_region,1
1357982,0.013383859535679221,34.49999999991317,15275.0,run9_11_region,1
1358071,0.013376764254644513,34.599999999913166,15276.0,run9_11_region,1
1358160,0.01336966990493238,34.69999999991316,15277.0,run9_11_region,1
1358249,0.013362576486542821,34.799999999913155,15278.0,run9_11_region,1
1358338,0.013355484465137124,34.89999999991315,15279.0,run9_11_region,1
1358427,0.013348393375054002,34.99999999991314,15280.0,run9_11_region,1
1358516,0.013341303216293454,35.09999999991314,15281.0,run9_11_region,1
1358605,0.013334214454516768,35.19999999991313,15282.0,run9_11_region,1
1358694,0.01332712615840137,35.299999999913126,15283.0,run9_11_region,1
1358783,0.013320039259269834,35.39999999991312,15284.0,run9_11_region,1
1358872,0.013312953291460872,35.499999999913115,15285.0,run9_11_region,1
1358961,0.013305868254974484,35.59999999991311,15286.0,run9_11_region,1
1359050,0.013298784615471959,35.6999999999131,15287.0,run9_11_region,1
1359138,0.01344323088414967,34.7999999999131,15288.0,run9_11_region,1
1359227,0.013436137000098825,34.89999999991309,15289.0,run9_11_region,1
1359316,0.013429044047370553,34.999999999913086,15290.0,run9_11_region,1
1359405,0.013421952025964856,35.09999999991308,15291.0,run9_11_region,1
1359494,0.013414861401543021,35.199999999913075,15292.0,run9_11_region,1
1359583,0.013407771708443761,35.29999999991307,15293.0,run9_11_region,1
1359672,0.013400682946667075,35.399999999913064,15294.0,run9_11_region,1
1359761,0.013393595116212964,35.49999999991306,15295.0,run9_11_region,1
1359850,0.013386508217081428,35.59999999991305,15296.0,run9_11_region,1
1359939,0.013379422714933753,35.69999999991305,15297.0,run9_11_region,1
1360028,0.013372337678447366,35.79999999991304,15298.0,run9_11_region,1
1360117,0.01336525403894484,35.899999999913035,15299.0,run9_11_region,1
1360206,0.013358171796426177,35.99999999991303,15300.0,run9_11_region,1
1360295,0.013351090019568801,36.099999999913024,15301.0,run9_11_region,1
1360384,0.013344009639695287,36.19999999991302,15302.0,run9_11_region,1
1360473,0.01333692972548306,36.29999999991301,15303.0,run9_11_region,1
1360562,0.013329851208254695,36.39999999991301,15304.0,run9_11_region,1
1360651,0.013322774088010192,36.499999999913,15305.0,run9_11_region,1
1360740,0.013315697433426976,36.599999999912995,15306.0,run9_11_region,1
1360829,0.013308622175827622,36.69999999991299,15307.0,run9_11_region,1
1360918,0.013301547849550843,36.799999999912984,15308.0,run9_11_region,1
1361007,0.013294474454596639,36.89999999991298,15309.0,run9_11_region,1
1361096,0.013287401990965009,36.99999999991297,15310.0,run9_11_region,1
1361185,0.013280330458655953,37.09999999991297,15311.0,run9_11_region,1
1361273,0.013424546224996448,36.19999999991296,15312.0,run9_11_region,1
1361362,0.013417464913800359,36.299999999912956,15313.0,run9_11_region,1
1361451,0.013410384533926845,36.39999999991295,15314.0,run9_11_region,1
1361540,0.013403305551037192,36.499999999912944,15315.0,run9_11_region,1
1361629,0.013396227033808827,36.59999999991294,15316.0,run9_11_region,1
1361718,0.013389149913564324,36.69999999991293,15317.0,run9_11_region,1
1361807,0.013382073724642396,36.79999999991293,15318.0,run9_11_region,1
1361896,0.013374998467043042,36.89999999991292,15319.0,run9_11_region,1
1361985,0.013367924140766263,36.999999999912916,15320.0,run9_11_region,1
1362074,0.013360851211473346,37.09999999991291,15321.0,run9_11_region,1
1362163,0.013353779213503003,37.199999999912905,15322.0,run9_11_region,1
1362252,0.013346708146855235,37.2999999999129,15323.0,run9_11_region,1
1362341,0.013339638011530042,37.39999999991289,15324.0,run9_11_region,1
1362430,0.013332568807527423,37.49999999991289,15325.0,run9_11_region,1
1362519,0.013325501000508666,37.59999999991288,15326.0,run9_11_region,1
1362608,0.013318434124812484,37.699999999912876,15327.0,run9_11_region,1
1362697,0.013311368180438876,37.79999999991287,15328.0,run9_11_region,1
1362786,0.013304303167387843,37.899999999912865,15329.0,run9_11_region,1
1362875,0.013297239551320672,37.99999999991286,15330.0,run9_11_region,1
1362964,0.013290176400914788,38.09999999991285,15331.0,run9_11_region,1
1363053,0.013283114647492766,38.19999999991285,15332.0,run9_11_region,1
1363142,0.013276053825393319,38.29999999991284,15333.0,run9_11_region,1
1363231,0.013268993934616446,38.399999999912836,15334.0,run9_11_region,1
1363320,0.013261935440823436,38.49999999991283,15335.0,run9_11_region,1
1363409,0.013254877412691712,38.599999999912825,15336.0,run9_11_region,1
1363497,0.013398851966485381,37.69999999991282,15337.0,run9_11_region,1
1363586,0.013391784159466624,37.799999999912814,15338.0,run9_11_region,1
1363675,0.01338471774943173,37.89999999991281,15339.0,run9_11_region,1
1363764,0.013377651805058122,37.9999999999128,15340.0,run9_11_region,1
1363853,0.013370587257668376,38.0999999999128,15341.0,run9_11_region,1
1363942,0.013363523641601205,38.19999999991279,15342.0,run9_11_region,1
1364031,0.013356460956856608,38.299999999912785,15343.0,run9_11_region,1
1364120,0.013349399203434587,38.39999999991278,15344.0,run9_11_region,1
1364209,0.013342338846996427,38.499999999912774,15345.0,run9_11_region,1
1364298,0.013335279421880841,38.59999999991277,15346.0,run9_11_region,1
1364387,0.01332822092808783,38.69999999991276,15347.0,run9_11_region,1
1364476,0.013321163365617394,38.79999999991276,15348.0,run9_11_region,1
1364565,0.013314106734469533,38.89999999991275,15349.0,run9_11_region,1
1364654,0.013307051034644246,38.999999999912745,15350.0,run9_11_region,1
1364743,0.013299996731802821,39.09999999991274,15351.0,run9_11_region,1
1364832,0.01329294336028397,39.199999999912734,15352.0,run9_11_region,1
1364921,0.013285890920087695,39.29999999991273,15353.0,run9_11_region,1
1365010,0.013278839411213994,39.39999999991272,15354.0,run9_11_region,1
1365099,0.013271789299324155,39.49999999991272,15355.0,run9_11_region,1
1365188,0.01326474011875689,39.59999999991271,15356.0,run9_11_region,1
1365277,0.013257691403850913,39.699999999912706,15357.0,run9_11_region,1
1365366,0.013250644551590085,39.7999999999127,15358.0,run9_11_region,1
1365455,0.013243598164990544,39.899999999912694,15359.0,run9_11_region,1
1365544,0.013236552709713578,39.99999999991269,15360.0,run9_11_region,1
1365632,0.013380298158153892,39.09999999991268,15361.0,run9_11_region,1
1365721,0.013373242923989892,39.19999999991268,15362.0,run9_11_region,1
1365810,0.013366188621148467,39.29999999991267,15363.0,run9_11_region,1
1365899,0.013359135249629617,39.399999999912666,15364.0,run9_11_region,1
1365988,0.013352083275094628,39.49999999991266,15365.0,run9_11_region,1
1366077,0.013345032231882215,39.599999999912654,15366.0,run9_11_region,1
1366166,0.013337982119992375,39.69999999991265,15367.0,run9_11_region,1
1366255,0.01333093293942511,39.79999999991264,15368.0,run9_11_region,1
1366344,0.013323884690180421,39.89999999991264,15369.0,run9_11_region,1
1366433,0.013316837837919593,39.99999999991263,15370.0,run9_11_region,1
1366522,0.01330979191698134,40.099999999912626,15371.0,run9_11_region,1
1366611,0.01330274692736566,40.19999999991262,15372.0,run9_11_region,1
1366700,0.013295702869072556,40.299999999912615,15373.0,run9_11_region,1
1366789,0.013288659742102027,40.39999999991261,15374.0,run9_11_region,1
1366878,0.01328161801211536,40.4999999999126,15375.0,run9_11_region,1
1366967,0.013274576747789979,40.5999999999126,15376.0,run9_11_region,1
1367056,0.01326753688044846,40.69999999991259,15377.0,run9_11_region,1
1367145,0.013260497944429517,40.799999999912586,15378.0,run9_11_region,1
1367234,0.013253460405394435,40.89999999991258,15379.0,run9_11_region,1
1367323,0.01324642333202064,40.999999999912575,15380.0,run9_11_region,1
1367412,0.013239387655630708,41.09999999991257,15381.0,run9_11_region,1
1367501,0.013232352444902062,41.19999999991256,15382.0,run9_11_region,1
1367590,0.013225318631157279,41.29999999991256,15383.0,run9_11_region,1
1367679,0.013218286214396358,41.39999999991255,15384.0,run9_11_region,1
1367767,0.013361802557483315,40.499999999912546,15385.0,run9_11_region,1
1367856,0.013354759896174073,40.59999999991254,15386.0,run9_11_region,1
1367945,0.013347718166187406,40.699999999912535,15387.0,run9_11_region,1
1368034,0.013340677367523313,40.79999999991253,15388.0,run9_11_region,1
1368123,0.013333637965843081,40.899999999912524,15389.0,run9_11_region,1
1368212,0.013326599029824138,40.99999999991252,15390.0,run9_11_region,1
1368301,0.013319561490789056,41.09999999991251,15391.0,run9_11_region,1
1368390,0.013312524883076549,41.19999999991251,15392.0,run9_11_region,1
1368479,0.013305489206686616,41.2999999999125,15393.0,run9_11_region,1
1368568,0.013298454461619258,41.399999999912495,15394.0,run9_11_region,1
1368657,0.013291421113535762,41.49999999991249,15395.0,run9_11_region,1
1368746,0.01328438869677484,41.599999999912484,15396.0,run9_11_region,1
1368835,0.013277356745675206,41.69999999991248,15397.0,run9_11_region,1
1368924,0.013270326191559434,41.79999999991247,15398.0,run9_11_region,1
1369013,0.013263297034427524,41.89999999991247,15399.0,run9_11_region,1
1369102,0.0132562683429569,41.99999999991246,15400.0,run9_11_region,1
1369191,0.01324924104847014,42.099999999912455,15401.0,run9_11_region,1
1369280,0.013242214219644666,42.19999999991245,15402.0,run9_11_region,1
1369369,0.013235188787803054,42.299999999912444,15403.0,run9_11_region,1
1369458,0.013228164287284017,42.39999999991244,15404.0,run9_11_region,1
1369547,0.013221141183748841,42.49999999991243,15405.0,run9_11_region,1
1369636,0.10139986569993198,42.59999999991243,15406.0,run9_11_region,0
1369725,0.10138493659906089,42.69999999991242,15407.0,run9_11_region,0
1369814,0.10137000982649624,42.799999999912416,15408.0,run9_11_region,0
1369903,0.10135508538223803,42.89999999991241,15409.0,run9_11_region,0
1369991,0.013336335076019168,41.999999999912404,15410.0,run9_11_region,1
1370080,0.013329305918887258,42.0999999999124,15411.0,run9_11_region,1
1370169,0.013322277693077922,42.19999999991239,15412.0,run9_11_region,1
1370258,0.01331525039859116,42.29999999991239,15413.0,run9_11_region,1
1370347,0.013308224035426974,42.39999999991238,15414.0,run9_11_region,1
1370436,0.01330119906924665,42.499999999912376,15415.0,run9_11_region,1
1370525,0.013294174568727612,42.59999999991237,15416.0,run9_11_region,1
1370614,0.013287151465192437,42.699999999912365,15417.0,run9_11_region,1
1370703,0.013280129292979836,42.79999999991236,15418.0,run9_11_region,1
1370792,0.01327310805208981,42.89999999991235,15419.0,run9_11_region,1
1370881,0.013266088208183646,42.99999999991235,15420.0,run9_11_region,1
1370970,0.10135945514775813,43.09999999991234,15421.0,run9_11_region,0
1371059,0.10134454467333853,43.199999999912336,15422.0,run9_11_region,0
1371148,0.10132963606156409,43.29999999991233,15423.0,run9_11_region,0
1371237,0.10131473070941865,43.399999999912325,15424.0,run9_11_region,0
1371326,0.10129982721991837,43.49999999991232,15425.0,run9_11_region,0
1371415,0.10128492652438581,43.59999999991231,15426.0,run9_11_region,0
1371504,0.10127002862282097,43.69999999991231,15427.0,run9_11_region,0
1371593,0.10125513304956257,43.7999999999123,15428.0,run9_11_region,0
1371682,0.10124023980461061,43.899999999912296,15429.0,run9_11_region,0
1371771,0.10122534888796508,43.99999999991229,15430.0,run9_11_region,0
1371860,0.10121046076528728,44.099999999912285,15431.0,run9_11_region,0
1371949,0.10119557497091591,44.19999999991228,15432.0,run9_11_region,0
1372038,0.10118069150485098,44.29999999991227,15433.0,run9_11_region,0
1372126,0.013317968463525176,43.39999999991227,15434.0,run9_11_region,1
1372215,0.013310951879248023,43.49999999991226,15435.0,run9_11_region,1
1372304,0.10131912701763213,43.59999999991226,15436.0,run9_11_region,0
1372393,0.10130423470400274,43.69999999991225,15437.0,run9_11_region,0
1372482,0.10128934518434107,43.799999999912245,15438.0,run9_11_region,0
1372571,0.10127445845864713,43.89999999991224,15439.0,run9_11_region,0
1372660,0.10125957359559834,43.999999999912234,15440.0,run9_11_region,0
1372749,0.10124469152651727,44.09999999991223,15441.0,run9_11_region,0
1372838,0.10122981178574264,44.19999999991222,15442.0,run9_11_region,0
1372927,0.10121493483893573,44.29999999991222,15443.0,run9_11_region,0
1373016,0.10120006022043526,44.39999999991221,15444.0,run9_11_region,0
1373105,0.10118518793024123,44.499999999912205,15445.0,run9_11_region,0
1373194,0.10117031843401492,44.5999999999122,15446.0,run9_11_region,0
1373283,0.11776404944248497,44.699999999912194,15447.0,run9_11_region,0
1373372,0.11774744116701186,44.79999999991219,15448.0,run9_11_region,0
1373461,0.11773083568550646,44.89999999991218,15449.0,run9_11_region,0
1373550,0.11771423346363008,44.99999999991218,15450.0,run9_11_region,0
1373639,0.11769763403572142,45.09999999991217,15451.0,run9_11_region,0
1373728,0.11768103740178049,45.199999999912166,15452.0,run9_11_region,0
1373817,0.11766444356180727,45.29999999991216,15453.0,run9_11_region,0
1373906,0.11764785251580179,45.399999999912154,15454.0,run9_11_region,0
1373995,0.11763126426376402,45.49999999991215,15455.0,run9_11_region,0
1374084,0.11761467927135527,45.59999999991214,15456.0,run9_11_region,0
1374173,0.11759809707291424,45.69999999991214,15457.0,run9_11_region,0
1374262,0.11758151720277965,45.79999999991213,15458.0,run9_11_region,0
1374350,0.11775558278895915,44.899999999912126,15459.0,run9_11_region,0
1374439,0.11773898848332465,44.99999999991212,15460.0,run9_11_region,0
1374528,0.11772239697165787,45.099999999912114,15461.0,run9_11_region,0
1374617,0.11770580825395882,45.19999999991211,15462.0,run9_11_region,0
1374706,0.11768922279588878,45.2999999999121,15463.0,run9_11_region,0
1374795,0.11767263966612518,45.3999999999121,15464.0,run9_11_region,0
1374884,0.11765605979599059,45.49999999991209,15465.0,run9_11_region,0
1374973,0.11763948271982372,45.599999999912086,15466.0,run9_11_region,0
